method_id,source_drug,target_drug,factor
CMD,amisulpride,amisulpride,1.0
CMD,amisulpride,aripiprazole,0.03655352480417755
CMD,amisulpride,asenapine,0.023498694516971282
CMD,amisulpride,chlorpromazine,1.0156657963446476
CMD,amisulpride,clozapine,0.7989556135770236
CMD,amisulpride,haloperidol,0.018276762402088774
CMD,amisulpride,olanzapine,0.026109660574412535
CMD,amisulpride,quetiapine,0.8433420365535248
CMD,amisulpride,risperidone,0.010443864229765015
CMD,amisulpride,sertindole,0.02872062663185379
CMD,amisulpride,ziprasidone,0.20626631853785904
CMD,amisulpride,zotepine,0.34464751958224543
CMD,aripiprazole,amisulpride,27.357142857142858
CMD,aripiprazole,aripiprazole,1.0
CMD,aripiprazole,asenapine,0.6428571428571429
CMD,aripiprazole,chlorpromazine,27.785714285714285
CMD,aripiprazole,clozapine,21.85714285714286
CMD,aripiprazole,haloperidol,0.5
CMD,aripiprazole,olanzapine,0.7142857142857143
CMD,aripiprazole,quetiapine,23.07142857142857
CMD,aripiprazole,risperidone,0.28571428571428575
CMD,aripiprazole,sertindole,0.7857142857142858
CMD,aripiprazole,ziprasidone,5.642857142857143
CMD,aripiprazole,zotepine,9.428571428571429
CMD,asenapine,amisulpride,42.55555555555555
CMD,asenapine,aripiprazole,1.5555555555555554
CMD,asenapine,asenapine,1.0
CMD,asenapine,chlorpromazine,43.22222222222222
CMD,asenapine,clozapine,34.0
CMD,asenapine,haloperidol,0.7777777777777777
CMD,asenapine,olanzapine,1.1111111111111112
CMD,asenapine,quetiapine,35.888888888888886
CMD,asenapine,risperidone,0.4444444444444445
CMD,asenapine,sertindole,1.2222222222222223
CMD,asenapine,ziprasidone,8.777777777777779
CMD,asenapine,zotepine,14.666666666666666
CMD,chlorpromazine,amisulpride,0.9845758354755784
CMD,chlorpromazine,aripiprazole,0.03598971722365039
CMD,chlorpromazine,asenapine,0.023136246786632394
CMD,chlorpromazine,chlorpromazine,1.0
CMD,chlorpromazine,clozapine,0.7866323907455014
CMD,chlorpromazine,haloperidol,0.017994858611825194
CMD,chlorpromazine,olanzapine,0.02570694087403599
CMD,chlorpromazine,quetiapine,0.8303341902313625
CMD,chlorpromazine,risperidone,0.010282776349614397
CMD,chlorpromazine,sertindole,0.02827763496143959
CMD,chlorpromazine,ziprasidone,0.20308483290488433
CMD,chlorpromazine,zotepine,0.33933161953727503
CMD,clozapine,amisulpride,1.2516339869281043
CMD,clozapine,aripiprazole,0.0457516339869281
CMD,clozapine,asenapine,0.029411764705882353
CMD,clozapine,chlorpromazine,1.2712418300653594
CMD,clozapine,clozapine,1.0
CMD,clozapine,haloperidol,0.02287581699346405
CMD,clozapine,olanzapine,0.032679738562091505
CMD,clozapine,quetiapine,1.0555555555555554
CMD,clozapine,risperidone,0.013071895424836602
CMD,clozapine,sertindole,0.03594771241830066
CMD,clozapine,ziprasidone,0.2581699346405229
CMD,clozapine,zotepine,0.4313725490196078
CMD,haloperidol,amisulpride,54.714285714285715
CMD,haloperidol,aripiprazole,2.0
CMD,haloperidol,asenapine,1.2857142857142858
CMD,haloperidol,chlorpromazine,55.57142857142857
CMD,haloperidol,clozapine,43.71428571428572
CMD,haloperidol,haloperidol,1.0
CMD,haloperidol,olanzapine,1.4285714285714286
CMD,haloperidol,quetiapine,46.14285714285714
CMD,haloperidol,risperidone,0.5714285714285715
CMD,haloperidol,sertindole,1.5714285714285716
CMD,haloperidol,ziprasidone,11.285714285714286
CMD,haloperidol,zotepine,18.857142857142858
CMD,olanzapine,amisulpride,38.3
CMD,olanzapine,aripiprazole,1.4
CMD,olanzapine,asenapine,0.9
CMD,olanzapine,chlorpromazine,38.9
CMD,olanzapine,clozapine,30.6
CMD,olanzapine,haloperidol,0.7
CMD,olanzapine,olanzapine,1.0
CMD,olanzapine,quetiapine,32.3
CMD,olanzapine,risperidone,0.4
CMD,olanzapine,sertindole,1.1
CMD,olanzapine,ziprasidone,7.9
CMD,olanzapine,zotepine,13.2
CMD,quetiapine,amisulpride,1.1857585139318885
CMD,quetiapine,aripiprazole,0.043343653250773995
CMD,quetiapine,asenapine,0.027863777089783284
CMD,quetiapine,chlorpromazine,1.2043343653250775
CMD,quetiapine,clozapine,0.9473684210526317
CMD,quetiapine,haloperidol,0.021671826625386997
CMD,quetiapine,olanzapine,0.030959752321981428
CMD,quetiapine,quetiapine,1.0
CMD,quetiapine,risperidone,0.012383900928792572
CMD,quetiapine,sertindole,0.03405572755417957
CMD,quetiapine,ziprasidone,0.24458204334365327
CMD,quetiapine,zotepine,0.4086687306501548
CMD,risperidone,amisulpride,95.74999999999999
CMD,risperidone,aripiprazole,3.4999999999999996
CMD,risperidone,asenapine,2.25
CMD,risperidone,chlorpromazine,97.24999999999999
CMD,risperidone,clozapine,76.5
CMD,risperidone,haloperidol,1.7499999999999998
CMD,risperidone,olanzapine,2.5
CMD,risperidone,quetiapine,80.74999999999999
CMD,risperidone,risperidone,1.0
CMD,risperidone,sertindole,2.75
CMD,risperidone,ziprasidone,19.75
CMD,risperidone,zotepine,32.99999999999999
CMD,sertindole,amisulpride,34.81818181818181
CMD,sertindole,aripiprazole,1.2727272727272725
CMD,sertindole,asenapine,0.8181818181818181
CMD,sertindole,chlorpromazine,35.36363636363636
CMD,sertindole,clozapine,27.818181818181817
CMD,sertindole,haloperidol,0.6363636363636362
CMD,sertindole,olanzapine,0.9090909090909091
CMD,sertindole,quetiapine,29.36363636363636
CMD,sertindole,risperidone,0.36363636363636365
CMD,sertindole,sertindole,1.0
CMD,sertindole,ziprasidone,7.181818181818182
CMD,sertindole,zotepine,11.999999999999998
CMD,ziprasidone,amisulpride,4.848101265822784
CMD,ziprasidone,aripiprazole,0.1772151898734177
CMD,ziprasidone,asenapine,0.11392405063291139
CMD,ziprasidone,chlorpromazine,4.924050632911392
CMD,ziprasidone,clozapine,3.8734177215189876
CMD,ziprasidone,haloperidol,0.08860759493670885
CMD,ziprasidone,olanzapine,0.12658227848101264
CMD,ziprasidone,quetiapine,4.0886075949367084
CMD,ziprasidone,risperidone,0.05063291139240506
CMD,ziprasidone,sertindole,0.13924050632911392
CMD,ziprasidone,ziprasidone,1.0
CMD,ziprasidone,zotepine,1.670886075949367
CMD,zotepine,amisulpride,2.9015151515151514
CMD,zotepine,aripiprazole,0.10606060606060606
CMD,zotepine,asenapine,0.06818181818181819
CMD,zotepine,chlorpromazine,2.9469696969696972
CMD,zotepine,clozapine,2.3181818181818183
CMD,zotepine,haloperidol,0.05303030303030303
CMD,zotepine,olanzapine,0.07575757575757576
CMD,zotepine,quetiapine,2.446969696969697
CMD,zotepine,risperidone,0.030303030303030307
CMD,zotepine,sertindole,0.08333333333333334
CMD,zotepine,ziprasidone,0.5984848484848485
CMD,zotepine,zotepine,1.0
CPZ_FGA,chlorpromazine,chlorpromazine,1.0
CPZ_FGA,chlorpromazine,fluphenazine,0.012
CPZ_FGA,chlorpromazine,haloperidol,0.016
CPZ_FGA,chlorpromazine,perphenazine,0.089
CPZ_FGA,chlorpromazine,thioridazine,0.953
CPZ_FGA,chlorpromazine,thiothixene,0.052
CPZ_FGA,chlorpromazine,trifluoperazine,0.028
CPZ_FGA,fluphenazine,chlorpromazine,83.33333333333333
CPZ_FGA,fluphenazine,fluphenazine,1.0
CPZ_FGA,fluphenazine,haloperidol,1.3333333333333333
CPZ_FGA,fluphenazine,perphenazine,7.416666666666666
CPZ_FGA,fluphenazine,thioridazine,79.41666666666666
CPZ_FGA,fluphenazine,thiothixene,4.333333333333333
CPZ_FGA,fluphenazine,trifluoperazine,2.3333333333333335
CPZ_FGA,haloperidol,chlorpromazine,62.5
CPZ_FGA,haloperidol,fluphenazine,0.75
CPZ_FGA,haloperidol,haloperidol,1.0
CPZ_FGA,haloperidol,perphenazine,5.5625
CPZ_FGA,haloperidol,thioridazine,59.56249999999999
CPZ_FGA,haloperidol,thiothixene,3.25
CPZ_FGA,haloperidol,trifluoperazine,1.75
CPZ_FGA,perphenazine,chlorpromazine,11.235955056179776
CPZ_FGA,perphenazine,fluphenazine,0.1348314606741573
CPZ_FGA,perphenazine,haloperidol,0.17977528089887643
CPZ_FGA,perphenazine,perphenazine,1.0
CPZ_FGA,perphenazine,thioridazine,10.707865168539326
CPZ_FGA,perphenazine,thiothixene,0.5842696629213483
CPZ_FGA,perphenazine,trifluoperazine,0.31460674157303375
CPZ_FGA,thioridazine,chlorpromazine,1.0493179433368311
CPZ_FGA,thioridazine,fluphenazine,0.012591815320041973
CPZ_FGA,thioridazine,haloperidol,0.016789087093389297
CPZ_FGA,thioridazine,perphenazine,0.09338929695697797
CPZ_FGA,thioridazine,thioridazine,1.0
CPZ_FGA,thioridazine,thiothixene,0.05456453305351522
CPZ_FGA,thioridazine,trifluoperazine,0.029380902413431272
CPZ_FGA,thiothixene,chlorpromazine,19.23076923076923
CPZ_FGA,thiothixene,fluphenazine,0.23076923076923078
CPZ_FGA,thiothixene,haloperidol,0.3076923076923077
CPZ_FGA,thiothixene,perphenazine,1.7115384615384615
CPZ_FGA,thiothixene,thioridazine,18.326923076923077
CPZ_FGA,thiothixene,thiothixene,1.0
CPZ_FGA,thiothixene,trifluoperazine,0.5384615384615385
CPZ_FGA,trifluoperazine,chlorpromazine,35.714285714285715
CPZ_FGA,trifluoperazine,fluphenazine,0.42857142857142855
CPZ_FGA,trifluoperazine,haloperidol,0.5714285714285714
CPZ_FGA,trifluoperazine,perphenazine,3.1785714285714284
CPZ_FGA,trifluoperazine,thioridazine,34.035714285714285
CPZ_FGA,trifluoperazine,thiothixene,1.857142857142857
CPZ_FGA,trifluoperazine,trifluoperazine,1.0
DDD,amisulpride,amisulpride,1.0
DDD,amisulpride,aripiprazole,0.0375
DDD,amisulpride,asenapine,0.05
DDD,amisulpride,chlorpromazine,0.75
DDD,amisulpride,clozapine,0.75
DDD,amisulpride,haloperidol,0.02
DDD,amisulpride,lurasidone,0.2
DDD,amisulpride,olanzapine,0.025
DDD,amisulpride,paliperidone,0.015
DDD,amisulpride,quetiapine,1.0
DDD,amisulpride,risperidone,0.0125
DDD,amisulpride,ziprasidone,0.3
DDD,amisulpride,zotepine,0.5
DDD,aripiprazole,amisulpride,26.666666666666668
DDD,aripiprazole,aripiprazole,1.0
DDD,aripiprazole,asenapine,1.3333333333333333
DDD,aripiprazole,chlorpromazine,20.0
DDD,aripiprazole,clozapine,20.0
DDD,aripiprazole,haloperidol,0.5333333333333333
DDD,aripiprazole,lurasidone,5.333333333333333
DDD,aripiprazole,olanzapine,0.6666666666666666
DDD,aripiprazole,paliperidone,0.39999999999999997
DDD,aripiprazole,quetiapine,26.666666666666668
DDD,aripiprazole,risperidone,0.3333333333333333
DDD,aripiprazole,ziprasidone,8.0
DDD,aripiprazole,zotepine,13.333333333333334
DDD,asenapine,amisulpride,20.0
DDD,asenapine,aripiprazole,0.75
DDD,asenapine,asenapine,1.0
DDD,asenapine,chlorpromazine,15.0
DDD,asenapine,clozapine,15.0
DDD,asenapine,haloperidol,0.4
DDD,asenapine,lurasidone,4.0
DDD,asenapine,olanzapine,0.5
DDD,asenapine,paliperidone,0.3
DDD,asenapine,quetiapine,20.0
DDD,asenapine,risperidone,0.25
DDD,asenapine,ziprasidone,6.0
DDD,asenapine,zotepine,10.0
DDD,chlorpromazine,amisulpride,1.3333333333333333
DDD,chlorpromazine,aripiprazole,0.05
DDD,chlorpromazine,asenapine,0.06666666666666667
DDD,chlorpromazine,chlorpromazine,1.0
DDD,chlorpromazine,clozapine,1.0
DDD,chlorpromazine,haloperidol,0.02666666666666667
DDD,chlorpromazine,lurasidone,0.26666666666666666
DDD,chlorpromazine,olanzapine,0.03333333333333333
DDD,chlorpromazine,paliperidone,0.02
DDD,chlorpromazine,quetiapine,1.3333333333333333
DDD,chlorpromazine,risperidone,0.016666666666666666
DDD,chlorpromazine,ziprasidone,0.4
DDD,chlorpromazine,zotepine,0.6666666666666666
DDD,clozapine,amisulpride,1.3333333333333333
DDD,clozapine,aripiprazole,0.05
DDD,clozapine,asenapine,0.06666666666666667
DDD,clozapine,chlorpromazine,1.0
DDD,clozapine,clozapine,1.0
DDD,clozapine,haloperidol,0.02666666666666667
DDD,clozapine,lurasidone,0.26666666666666666
DDD,clozapine,olanzapine,0.03333333333333333
DDD,clozapine,paliperidone,0.02
DDD,clozapine,quetiapine,1.3333333333333333
DDD,clozapine,risperidone,0.016666666666666666
DDD,clozapine,ziprasidone,0.4
DDD,clozapine,zotepine,0.6666666666666666
DDD,haloperidol,amisulpride,50.0
DDD,haloperidol,aripiprazole,1.875
DDD,haloperidol,asenapine,2.5
DDD,haloperidol,chlorpromazine,37.5
DDD,haloperidol,clozapine,37.5
DDD,haloperidol,haloperidol,1.0
DDD,haloperidol,lurasidone,10.0
DDD,haloperidol,olanzapine,1.25
DDD,haloperidol,paliperidone,0.7499999999999999
DDD,haloperidol,quetiapine,50.0
DDD,haloperidol,risperidone,0.625
DDD,haloperidol,ziprasidone,15.0
DDD,haloperidol,zotepine,25.0
DDD,lurasidone,amisulpride,5.0
DDD,lurasidone,aripiprazole,0.1875
DDD,lurasidone,asenapine,0.25
DDD,lurasidone,chlorpromazine,3.75
DDD,lurasidone,clozapine,3.75
DDD,lurasidone,haloperidol,0.1
DDD,lurasidone,lurasidone,1.0
DDD,lurasidone,olanzapine,0.125
DDD,lurasidone,paliperidone,0.075
DDD,lurasidone,quetiapine,5.0
DDD,lurasidone,risperidone,0.0625
DDD,lurasidone,ziprasidone,1.5
DDD,lurasidone,zotepine,2.5
DDD,olanzapine,amisulpride,40.0
DDD,olanzapine,aripiprazole,1.5
DDD,olanzapine,asenapine,2.0
DDD,olanzapine,chlorpromazine,30.0
DDD,olanzapine,clozapine,30.0
DDD,olanzapine,haloperidol,0.8
DDD,olanzapine,lurasidone,8.0
DDD,olanzapine,olanzapine,1.0
DDD,olanzapine,paliperidone,0.6
DDD,olanzapine,quetiapine,40.0
DDD,olanzapine,risperidone,0.5
DDD,olanzapine,ziprasidone,12.0
DDD,olanzapine,zotepine,20.0
DDD,paliperidone,amisulpride,66.66666666666667
DDD,paliperidone,aripiprazole,2.5
DDD,paliperidone,asenapine,3.3333333333333335
DDD,paliperidone,chlorpromazine,50.0
DDD,paliperidone,clozapine,50.0
DDD,paliperidone,haloperidol,1.3333333333333335
DDD,paliperidone,lurasidone,13.333333333333334
DDD,paliperidone,olanzapine,1.6666666666666667
DDD,paliperidone,paliperidone,1.0
DDD,paliperidone,quetiapine,66.66666666666667
DDD,paliperidone,risperidone,0.8333333333333334
DDD,paliperidone,ziprasidone,20.0
DDD,paliperidone,zotepine,33.333333333333336
DDD,quetiapine,amisulpride,1.0
DDD,quetiapine,aripiprazole,0.0375
DDD,quetiapine,asenapine,0.05
DDD,quetiapine,chlorpromazine,0.75
DDD,quetiapine,clozapine,0.75
DDD,quetiapine,haloperidol,0.02
DDD,quetiapine,lurasidone,0.2
DDD,quetiapine,olanzapine,0.025
DDD,quetiapine,paliperidone,0.015
DDD,quetiapine,quetiapine,1.0
DDD,quetiapine,risperidone,0.0125
DDD,quetiapine,ziprasidone,0.3
DDD,quetiapine,zotepine,0.5
DDD,risperidone,amisulpride,80.0
DDD,risperidone,aripiprazole,3.0
DDD,risperidone,asenapine,4.0
DDD,risperidone,chlorpromazine,60.0
DDD,risperidone,clozapine,60.0
DDD,risperidone,haloperidol,1.6
DDD,risperidone,lurasidone,16.0
DDD,risperidone,olanzapine,2.0
DDD,risperidone,paliperidone,1.2
DDD,risperidone,quetiapine,80.0
DDD,risperidone,risperidone,1.0
DDD,risperidone,ziprasidone,24.0
DDD,risperidone,zotepine,40.0
DDD,ziprasidone,amisulpride,3.3333333333333335
DDD,ziprasidone,aripiprazole,0.125
DDD,ziprasidone,asenapine,0.16666666666666666
DDD,ziprasidone,chlorpromazine,2.5
DDD,ziprasidone,clozapine,2.5
DDD,ziprasidone,haloperidol,0.06666666666666667
DDD,ziprasidone,lurasidone,0.6666666666666666
DDD,ziprasidone,olanzapine,0.08333333333333333
DDD,ziprasidone,paliperidone,0.049999999999999996
DDD,ziprasidone,quetiapine,3.3333333333333335
DDD,ziprasidone,risperidone,0.041666666666666664
DDD,ziprasidone,ziprasidone,1.0
DDD,ziprasidone,zotepine,1.6666666666666667
DDD,zotepine,amisulpride,2.0
DDD,zotepine,aripiprazole,0.075
DDD,zotepine,asenapine,0.1
DDD,zotepine,chlorpromazine,1.5
DDD,zotepine,clozapine,1.5
DDD,zotepine,haloperidol,0.04
DDD,zotepine,lurasidone,0.4
DDD,zotepine,olanzapine,0.05
DDD,zotepine,paliperidone,0.03
DDD,zotepine,quetiapine,2.0
DDD,zotepine,risperidone,0.025
DDD,zotepine,ziprasidone,0.6
DDD,zotepine,zotepine,1.0
ED95,amisulpride,amisulpride,1.0
ED95,amisulpride,aripiprazole,0.021410638447640722
ED95,amisulpride,asenapine,0.027933550763743868
ED95,amisulpride,brexpiprazole,0.006253079612379455
ED95,amisulpride,haloperidol,0.011731856683638752
ED95,amisulpride,iloperidone,0.037483282104225815
ED95,amisulpride,lurasidone,0.273739411999343
ED95,amisulpride,olanzapine,0.028308970177620307
ED95,amisulpride,paliperidone,0.024953659166099623
ED95,amisulpride,quetiapine,0.8975808911518336
ED95,amisulpride,risperidone,0.011731856683638752
ED95,amisulpride,sertindole,0.041894460217273985
ED95,amisulpride,ziprasidone,0.34637133672775056
ED95,aripiprazole,amisulpride,46.70575342465754
ED95,aripiprazole,aripiprazole,1.0
ED95,aripiprazole,asenapine,1.3046575342465752
ED95,aripiprazole,brexpiprazole,0.29205479452054794
ED95,aripiprazole,haloperidol,0.547945205479452
ED95,aripiprazole,iloperidone,1.7506849315068493
ED95,aripiprazole,lurasidone,12.785205479452054
ED95,aripiprazole,olanzapine,1.3221917808219177
ED95,aripiprazole,paliperidone,1.1654794520547944
ED95,aripiprazole,quetiapine,41.92219178082192
ED95,aripiprazole,risperidone,0.547945205479452
ED95,aripiprazole,sertindole,1.9567123287671235
ED95,aripiprazole,ziprasidone,16.177534246575345
ED95,asenapine,amisulpride,35.7992440151197
ED95,asenapine,aripiprazole,0.766484670306594
ED95,asenapine,asenapine,1.0
ED95,asenapine,brexpiprazole,0.22385552288954225
ED95,asenapine,haloperidol,0.4199916001679967
ED95,asenapine,iloperidone,1.3418731625367493
ED95,asenapine,lurasidone,9.799664006719865
ED95,asenapine,olanzapine,1.013439731205376
ED95,asenapine,paliperidone,0.8933221335573288
ED95,asenapine,quetiapine,32.13271734565309
ED95,asenapine,risperidone,0.4199916001679967
ED95,asenapine,sertindole,1.4997900041999161
ED95,asenapine,ziprasidone,12.399832003359935
ED95,brexpiprazole,amisulpride,159.92120075046904
ED95,brexpiprazole,aripiprazole,3.4240150093808626
ED95,brexpiprazole,asenapine,4.4671669793621005
ED95,brexpiprazole,brexpiprazole,1.0
ED95,brexpiprazole,haloperidol,1.8761726078799248
ED95,brexpiprazole,iloperidone,5.994371482176359
ED95,brexpiprazole,lurasidone,43.776735459662284
ED95,brexpiprazole,olanzapine,4.527204502814258
ED95,brexpiprazole,paliperidone,3.9906191369606
ED95,brexpiprazole,quetiapine,143.54221388367728
ED95,brexpiprazole,risperidone,1.8761726078799248
ED95,brexpiprazole,sertindole,6.6998123827392115
ED95,brexpiprazole,ziprasidone,55.392120075046904
ED95,haloperidol,amisulpride,85.238
ED95,haloperidol,aripiprazole,1.825
ED95,haloperidol,asenapine,2.381
ED95,haloperidol,brexpiprazole,0.533
ED95,haloperidol,haloperidol,1.0
ED95,haloperidol,iloperidone,3.195
ED95,haloperidol,lurasidone,23.333
ED95,haloperidol,olanzapine,2.413
ED95,haloperidol,paliperidone,2.127
ED95,haloperidol,quetiapine,76.508
ED95,haloperidol,risperidone,1.0
ED95,haloperidol,sertindole,3.571
ED95,haloperidol,ziprasidone,29.524
ED95,iloperidone,amisulpride,26.678560250391236
ED95,iloperidone,aripiprazole,0.5712050078247262
ED95,iloperidone,asenapine,0.7452269170579029
ED95,iloperidone,brexpiprazole,0.1668231611893584
ED95,iloperidone,haloperidol,0.3129890453834116
ED95,iloperidone,iloperidone,1.0
ED95,iloperidone,lurasidone,7.302973395931143
ED95,iloperidone,olanzapine,0.7552425665101721
ED95,iloperidone,paliperidone,0.6657276995305164
ED95,iloperidone,quetiapine,23.946165884194052
ED95,iloperidone,risperidone,0.3129890453834116
ED95,iloperidone,sertindole,1.117683881064163
ED95,iloperidone,ziprasidone,9.240688575899844
ED95,lurasidone,amisulpride,3.653109330133288
ED95,lurasidone,aripiprazole,0.07821540307718682
ED95,lurasidone,asenapine,0.10204431491878455
ED95,lurasidone,brexpiprazole,0.022843183474049632
ED95,lurasidone,haloperidol,0.0428577551107873
ED95,lurasidone,iloperidone,0.13693052757896543
ED95,lurasidone,lurasidone,1.0
ED95,lurasidone,olanzapine,0.10341576308232975
ED95,lurasidone,paliperidone,0.09115844512064458
ED95,lurasidone,quetiapine,3.2789611280161144
ED95,lurasidone,risperidone,0.0428577551107873
ED95,lurasidone,sertindole,0.15304504350062145
ED95,lurasidone,ziprasidone,1.2653323618908843
ED95,olanzapine,amisulpride,35.324492333195195
ED95,olanzapine,aripiprazole,0.7563199336924991
ED95,olanzapine,asenapine,0.986738499792789
ED95,olanzapine,brexpiprazole,0.22088686282635725
ED95,olanzapine,haloperidol,0.4144218814753419
ED95,olanzapine,iloperidone,1.3240779113137173
ED95,olanzapine,lurasidone,9.669705760464153
ED95,olanzapine,olanzapine,1.0
ED95,olanzapine,paliperidone,0.8814753418980522
ED95,olanzapine,quetiapine,31.706589307915458
ED95,olanzapine,risperidone,0.4144218814753419
ED95,olanzapine,sertindole,1.479900538748446
ED95,olanzapine,ziprasidone,12.235391628677995
ED95,paliperidone,amisulpride,40.0742830277386
ED95,paliperidone,aripiprazole,0.8580159849553363
ED95,paliperidone,asenapine,1.1194170192759756
ED95,paliperidone,brexpiprazole,0.2505876821814763
ED95,paliperidone,haloperidol,0.47014574518100616
ED95,paliperidone,iloperidone,1.5021156558533146
ED95,paliperidone,lurasidone,10.969910672308416
ED95,paliperidone,olanzapine,1.1344616831217678
ED95,paliperidone,paliperidone,1.0
ED95,paliperidone,quetiapine,35.969910672308416
ED95,paliperidone,risperidone,0.47014574518100616
ED95,paliperidone,sertindole,1.678890456041373
ED95,paliperidone,ziprasidone,13.880582980724027
ED95,quetiapine,amisulpride,1.1141057144350919
ED95,quetiapine,aripiprazole,0.023853714644220213
ED95,quetiapine,asenapine,0.031120928530349767
ED95,quetiapine,brexpiprazole,0.0069665917289695204
ED95,quetiapine,haloperidol,0.01307052857217546
ED95,quetiapine,iloperidone,0.04176033878810059
ED95,quetiapine,lurasidone,0.30497464317456996
ED95,quetiapine,olanzapine,0.03153918544465938
ED95,quetiapine,paliperidone,0.027801014273017198
ED95,quetiapine,quetiapine,1.0
ED95,quetiapine,risperidone,0.01307052857217546
ED95,quetiapine,sertindole,0.04667485753123857
ED95,quetiapine,ziprasidone,0.3858942855649083
ED95,risperidone,amisulpride,85.238
ED95,risperidone,aripiprazole,1.825
ED95,risperidone,asenapine,2.381
ED95,risperidone,brexpiprazole,0.533
ED95,risperidone,haloperidol,1.0
ED95,risperidone,iloperidone,3.195
ED95,risperidone,lurasidone,23.333
ED95,risperidone,olanzapine,2.413
ED95,risperidone,paliperidone,2.127
ED95,risperidone,quetiapine,76.508
ED95,risperidone,risperidone,1.0
ED95,risperidone,sertindole,3.571
ED95,risperidone,ziprasidone,29.524
ED95,sertindole,amisulpride,23.869504340520862
ED95,sertindole,aripiprazole,0.5110613273592831
ED95,sertindole,asenapine,0.6667600112013441
ED95,sertindole,brexpiprazole,0.14925791094931393
ED95,sertindole,haloperidol,0.2800336040324839
ED95,sertindole,iloperidone,0.894707364883786
ED95,sertindole,lurasidone,6.534024082889946
ED95,sertindole,olanzapine,0.6757210865303835
ED95,sertindole,paliperidone,0.5956314757770932
ED95,sertindole,quetiapine,21.424810977317275
ED95,sertindole,risperidone,0.2800336040324839
ED95,sertindole,sertindole,1.0
ED95,sertindole,ziprasidone,8.267712125455054
ED95,ziprasidone,amisulpride,2.887074922097277
ED95,ziprasidone,aripiprazole,0.0618141173282753
ED95,ziprasidone,asenapine,0.08064625389513615
ED95,ziprasidone,brexpiprazole,0.018053109334778487
ED95,ziprasidone,haloperidol,0.033870749220972766
ED95,ziprasidone,iloperidone,0.10821704376100799
ED95,ziprasidone,lurasidone,0.7903061915729576
ED95,ziprasidone,olanzapine,0.08173011787020729
ED95,ziprasidone,paliperidone,0.07204308359300907
ED95,ziprasidone,quetiapine,2.5913832813981843
ED95,ziprasidone,risperidone,0.033870749220972766
ED95,ziprasidone,sertindole,0.12095244546809375
ED95,ziprasidone,ziprasidone,1.0
MED,aripiprazole,aripiprazole,1.0
MED,aripiprazole,asenapine,1.0
MED,aripiprazole,clozapine,30.00750187546887
MED,aripiprazole,haloperidol,0.3998499624906227
MED,aripiprazole,iloperidone,0.800450112528132
MED,aripiprazole,lurasidone,4.000750187546887
MED,aripiprazole,olanzapine,0.7501875468867217
MED,aripiprazole,paliperidone,0.30007501875468867
MED,aripiprazole,quetiapine,15.003750937734434
MED,aripiprazole,risperidone,0.20030007501875471
MED,aripiprazole,sertindole,1.2003000750187547
MED,aripiprazole,ziprasidone,4.000750187546887
MED,asenapine,aripiprazole,1.0
MED,asenapine,asenapine,1.0
MED,asenapine,clozapine,30.00750187546887
MED,asenapine,haloperidol,0.3998499624906227
MED,asenapine,iloperidone,0.800450112528132
MED,asenapine,lurasidone,4.000750187546887
MED,asenapine,olanzapine,0.7501875468867217
MED,asenapine,paliperidone,0.30007501875468867
MED,asenapine,quetiapine,15.003750937734434
MED,asenapine,risperidone,0.20030007501875471
MED,asenapine,sertindole,1.2003000750187547
MED,asenapine,ziprasidone,4.000750187546887
MED,clozapine,aripiprazole,0.033325
MED,clozapine,asenapine,0.033325
MED,clozapine,clozapine,1.0
MED,clozapine,haloperidol,0.013325
MED,clozapine,iloperidone,0.026674999999999997
MED,clozapine,lurasidone,0.133325
MED,clozapine,olanzapine,0.025
MED,clozapine,paliperidone,0.01
MED,clozapine,quetiapine,0.5
MED,clozapine,risperidone,0.006675
MED,clozapine,sertindole,0.04
MED,clozapine,ziprasidone,0.133325
MED,haloperidol,aripiprazole,2.5009380863039397
MED,haloperidol,asenapine,2.5009380863039397
MED,haloperidol,clozapine,75.046904315197
MED,haloperidol,haloperidol,1.0
MED,haloperidol,iloperidone,2.0018761726078798
MED,haloperidol,lurasidone,10.00562851782364
MED,haloperidol,olanzapine,1.8761726078799248
MED,haloperidol,paliperidone,0.7504690431519699
MED,haloperidol,quetiapine,37.5234521575985
MED,haloperidol,risperidone,0.50093808630394
MED,haloperidol,sertindole,3.0018761726078798
MED,haloperidol,ziprasidone,10.00562851782364
MED,iloperidone,aripiprazole,1.2492970946579194
MED,iloperidone,asenapine,1.2492970946579194
MED,iloperidone,clozapine,37.488284910965326
MED,iloperidone,haloperidol,0.499531396438613
MED,iloperidone,iloperidone,1.0
MED,iloperidone,lurasidone,4.998125585754452
MED,iloperidone,olanzapine,0.9372071227741331
MED,iloperidone,paliperidone,0.37488284910965325
MED,iloperidone,quetiapine,18.744142455482663
MED,iloperidone,risperidone,0.25023430178069356
MED,iloperidone,sertindole,1.499531396438613
MED,iloperidone,ziprasidone,4.998125585754452
MED,lurasidone,aripiprazole,0.24995312207012937
MED,lurasidone,asenapine,0.24995312207012937
MED,lurasidone,clozapine,7.500468779298706
MED,lurasidone,haloperidol,0.09994374648415526
MED,lurasidone,iloperidone,0.20007500468779296
MED,lurasidone,lurasidone,1.0
MED,lurasidone,olanzapine,0.18751171948246764
MED,lurasidone,paliperidone,0.07500468779298707
MED,lurasidone,quetiapine,3.750234389649353
MED,lurasidone,risperidone,0.050065629101818866
MED,lurasidone,sertindole,0.30001875117194826
MED,lurasidone,ziprasidone,1.0
MED,olanzapine,aripiprazole,1.333
MED,olanzapine,asenapine,1.333
MED,olanzapine,clozapine,40.0
MED,olanzapine,haloperidol,0.533
MED,olanzapine,iloperidone,1.067
MED,olanzapine,lurasidone,5.333
MED,olanzapine,olanzapine,1.0
MED,olanzapine,paliperidone,0.4
MED,olanzapine,quetiapine,20.0
MED,olanzapine,risperidone,0.267
MED,olanzapine,sertindole,1.6
MED,olanzapine,ziprasidone,5.333
MED,paliperidone,aripiprazole,3.3324999999999996
MED,paliperidone,asenapine,3.3324999999999996
MED,paliperidone,clozapine,100.0
MED,paliperidone,haloperidol,1.3325
MED,paliperidone,iloperidone,2.6674999999999995
MED,paliperidone,lurasidone,13.3325
MED,paliperidone,olanzapine,2.5
MED,paliperidone,paliperidone,1.0
MED,paliperidone,quetiapine,50.0
MED,paliperidone,risperidone,0.6675
MED,paliperidone,sertindole,4.0
MED,paliperidone,ziprasidone,13.3325
MED,quetiapine,aripiprazole,0.06665
MED,quetiapine,asenapine,0.06665
MED,quetiapine,clozapine,2.0
MED,quetiapine,haloperidol,0.02665
MED,quetiapine,iloperidone,0.053349999999999995
MED,quetiapine,lurasidone,0.26665
MED,quetiapine,olanzapine,0.05
MED,quetiapine,paliperidone,0.02
MED,quetiapine,quetiapine,1.0
MED,quetiapine,risperidone,0.01335
MED,quetiapine,sertindole,0.08
MED,quetiapine,ziprasidone,0.26665
MED,risperidone,aripiprazole,4.99250936329588
MED,risperidone,asenapine,4.99250936329588
MED,risperidone,clozapine,149.812734082397
MED,risperidone,haloperidol,1.99625468164794
MED,risperidone,iloperidone,3.99625468164794
MED,risperidone,lurasidone,19.97378277153558
MED,risperidone,olanzapine,3.745318352059925
MED,risperidone,paliperidone,1.4981273408239701
MED,risperidone,quetiapine,74.9063670411985
MED,risperidone,risperidone,1.0
MED,risperidone,sertindole,5.992509363295881
MED,risperidone,ziprasidone,19.97378277153558
MED,sertindole,aripiprazole,0.8331249999999999
MED,sertindole,asenapine,0.8331249999999999
MED,sertindole,clozapine,25.0
MED,sertindole,haloperidol,0.333125
MED,sertindole,iloperidone,0.6668749999999999
MED,sertindole,lurasidone,3.333125
MED,sertindole,olanzapine,0.625
MED,sertindole,paliperidone,0.25
MED,sertindole,quetiapine,12.5
MED,sertindole,risperidone,0.166875
MED,sertindole,sertindole,1.0
MED,sertindole,ziprasidone,3.333125
MED,ziprasidone,aripiprazole,0.24995312207012937
MED,ziprasidone,asenapine,0.24995312207012937
MED,ziprasidone,clozapine,7.500468779298706
MED,ziprasidone,haloperidol,0.09994374648415526
MED,ziprasidone,iloperidone,0.20007500468779296
MED,ziprasidone,lurasidone,1.0
MED,ziprasidone,olanzapine,0.18751171948246764
MED,ziprasidone,paliperidone,0.07500468779298707
MED,ziprasidone,quetiapine,3.750234389649353
MED,ziprasidone,risperidone,0.050065629101818866
MED,ziprasidone,sertindole,0.30001875117194826
MED,ziprasidone,ziprasidone,1.0
CMD_DIRECT,amisulpride,amisulpride,1
CMD_DIRECT,amisulpride,aripiprazole,0.03484411841760545
CMD_DIRECT,amisulpride,asenapine,0.02593659942363112
CMD_DIRECT,amisulpride,haloperidol,0.02331674089599162
CMD_DIRECT,amisulpride,olanzapine,0.02619858527639507
CMD_DIRECT,amisulpride,quetiapine,0.7241288970395598
CMD_DIRECT,amisulpride,risperidone,0.00707361802462667
CMD_DIRECT,amisulpride,sertindole,0.02777050039297878
CMD_DIRECT,amisulpride,ziprasidone,0.1697668325910401
CMD_DIRECT,aripiprazole,amisulpride,28.69924812030075
CMD_DIRECT,aripiprazole,aripiprazole,1
CMD_DIRECT,aripiprazole,asenapine,0.744360902255639
CMD_DIRECT,aripiprazole,haloperidol,0.6691729323308271
CMD_DIRECT,aripiprazole,olanzapine,0.7518796992481203
CMD_DIRECT,aripiprazole,quetiapine,20.78195488721805
CMD_DIRECT,aripiprazole,risperidone,0.2030075187969925
CMD_DIRECT,aripiprazole,sertindole,0.7969924812030075
CMD_DIRECT,aripiprazole,ziprasidone,4.87218045112782
CMD_DIRECT,asenapine,amisulpride,38.55555555555556
CMD_DIRECT,asenapine,aripiprazole,1.343434343434343
CMD_DIRECT,asenapine,asenapine,1
CMD_DIRECT,asenapine,haloperidol,0.898989898989899
CMD_DIRECT,asenapine,olanzapine,1.01010101010101
CMD_DIRECT,asenapine,quetiapine,27.91919191919192
CMD_DIRECT,asenapine,risperidone,0.2727272727272728
CMD_DIRECT,asenapine,sertindole,1.070707070707071
CMD_DIRECT,asenapine,ziprasidone,6.545454545454546
CMD_DIRECT,haloperidol,amisulpride,42.8876404494382
CMD_DIRECT,haloperidol,aripiprazole,1.49438202247191
CMD_DIRECT,haloperidol,asenapine,1.112359550561798
CMD_DIRECT,haloperidol,haloperidol,1
CMD_DIRECT,haloperidol,olanzapine,1.123595505617978
CMD_DIRECT,haloperidol,quetiapine,31.0561797752809
CMD_DIRECT,haloperidol,risperidone,0.303370786516854
CMD_DIRECT,haloperidol,sertindole,1.191011235955056
CMD_DIRECT,haloperidol,ziprasidone,7.280898876404494
CMD_DIRECT,olanzapine,amisulpride,38.17
CMD_DIRECT,olanzapine,aripiprazole,1.33
CMD_DIRECT,olanzapine,asenapine,0.99
CMD_DIRECT,olanzapine,haloperidol,0.89
CMD_DIRECT,olanzapine,olanzapine,1
CMD_DIRECT,olanzapine,quetiapine,27.64
CMD_DIRECT,olanzapine,risperidone,0.27
CMD_DIRECT,olanzapine,sertindole,1.06
CMD_DIRECT,olanzapine,ziprasidone,6.48
CMD_DIRECT,quetiapine,amisulpride,1.380969609261939
CMD_DIRECT,quetiapine,aripiprazole,0.04811866859623734
CMD_DIRECT,quetiapine,asenapine,0.03581765557163531
CMD_DIRECT,quetiapine,haloperidol,0.03219971056439942
CMD_DIRECT,quetiapine,olanzapine,0.0361794500723589
CMD_DIRECT,quetiapine,quetiapine,1
CMD_DIRECT,quetiapine,risperidone,0.009768451519536904
CMD_DIRECT,quetiapine,sertindole,0.03835021707670044
CMD_DIRECT,quetiapine,ziprasidone,0.2344428364688857
CMD_DIRECT,risperidone,amisulpride,141.3703703703704
CMD_DIRECT,risperidone,aripiprazole,4.925925925925926
CMD_DIRECT,risperidone,asenapine,3.666666666666667
CMD_DIRECT,risperidone,haloperidol,3.296296296296296
CMD_DIRECT,risperidone,olanzapine,3.703703703703703
CMD_DIRECT,risperidone,quetiapine,102.3703703703704
CMD_DIRECT,risperidone,risperidone,1
CMD_DIRECT,risperidone,sertindole,3.925925925925926
CMD_DIRECT,risperidone,ziprasidone,24
CMD_DIRECT,sertindole,amisulpride,36.00943396226415
CMD_DIRECT,sertindole,aripiprazole,1.254716981132076
CMD_DIRECT,sertindole,asenapine,0.9339622641509433
CMD_DIRECT,sertindole,haloperidol,0.8396226415094339
CMD_DIRECT,sertindole,olanzapine,0.9433962264150942
CMD_DIRECT,sertindole,quetiapine,26.07547169811321
CMD_DIRECT,sertindole,risperidone,0.2547169811320755
CMD_DIRECT,sertindole,sertindole,1
CMD_DIRECT,sertindole,ziprasidone,6.113207547169812
CMD_DIRECT,ziprasidone,amisulpride,5.890432098765432
CMD_DIRECT,ziprasidone,aripiprazole,0.2052469135802469
CMD_DIRECT,ziprasidone,asenapine,0.1527777777777778
CMD_DIRECT,ziprasidone,haloperidol,0.1373456790123457
CMD_DIRECT,ziprasidone,olanzapine,0.154320987654321
CMD_DIRECT,ziprasidone,quetiapine,4.265432098765432
CMD_DIRECT,ziprasidone,risperidone,0.04166666666666666
CMD_DIRECT,ziprasidone,sertindole,0.1635802469135803
CMD_DIRECT,ziprasidone,ziprasidone,1
CMD_INDIRECT,amisulpride,amisulpride,1
CMD_INDIRECT,amisulpride,aripiprazole,0.04011461318051576
CMD_INDIRECT,amisulpride,asenapine,0.03151862464183381
CMD_INDIRECT,amisulpride,clozapine,1.272206303724928
CMD_INDIRECT,amisulpride,chlorpromazine,0.9159503342884432
CMD_INDIRECT,amisulpride,haloperidol,0.0241961158866603
CMD_INDIRECT,amisulpride,olanzapine,0.03183699458771092
CMD_INDIRECT,amisulpride,quetiapine,1.013689907672716
CMD_INDIRECT,amisulpride,risperidone,0.008595988538681949
CMD_INDIRECT,amisulpride,sertindole,0.02992677491244826
CMD_INDIRECT,amisulpride,ziprasidone,0.2123527539000318
CMD_INDIRECT,amisulpride,zotepine,0.5205348615090736
CMD_INDIRECT,aripiprazole,amisulpride,24.92857142857143
CMD_INDIRECT,aripiprazole,aripiprazole,1
CMD_INDIRECT,aripiprazole,asenapine,0.7857142857142857
CMD_INDIRECT,aripiprazole,clozapine,31.71428571428572
CMD_INDIRECT,aripiprazole,chlorpromazine,22.83333333333333
CMD_INDIRECT,aripiprazole,haloperidol,0.6031746031746031
CMD_INDIRECT,aripiprazole,olanzapine,0.7936507936507936
CMD_INDIRECT,aripiprazole,quetiapine,25.26984126984127
CMD_INDIRECT,aripiprazole,risperidone,0.2142857142857143
CMD_INDIRECT,aripiprazole,sertindole,0.7460317460317459
CMD_INDIRECT,aripiprazole,ziprasidone,5.293650793650793
CMD_INDIRECT,aripiprazole,zotepine,12.97619047619048
CMD_INDIRECT,asenapine,amisulpride,31.72727272727273
CMD_INDIRECT,asenapine,aripiprazole,1.272727272727273
CMD_INDIRECT,asenapine,asenapine,1
CMD_INDIRECT,asenapine,clozapine,40.36363636363637
CMD_INDIRECT,asenapine,chlorpromazine,29.06060606060606
CMD_INDIRECT,asenapine,haloperidol,0.7676767676767677
CMD_INDIRECT,asenapine,olanzapine,1.01010101010101
CMD_INDIRECT,asenapine,quetiapine,32.16161616161616
CMD_INDIRECT,asenapine,risperidone,0.2727272727272728
CMD_INDIRECT,asenapine,sertindole,0.9494949494949495
CMD_INDIRECT,asenapine,ziprasidone,6.737373737373737
CMD_INDIRECT,asenapine,zotepine,16.51515151515152
CMD_INDIRECT,clozapine,amisulpride,0.786036036036036
CMD_INDIRECT,clozapine,aripiprazole,0.03153153153153153
CMD_INDIRECT,clozapine,asenapine,0.02477477477477477
CMD_INDIRECT,clozapine,clozapine,1
CMD_INDIRECT,clozapine,chlorpromazine,0.71996996996997
CMD_INDIRECT,clozapine,haloperidol,0.01901901901901902
CMD_INDIRECT,clozapine,olanzapine,0.02502502502502502
CMD_INDIRECT,clozapine,quetiapine,0.7967967967967968
CMD_INDIRECT,clozapine,risperidone,0.006756756756756757
CMD_INDIRECT,clozapine,sertindole,0.02352352352352352
CMD_INDIRECT,clozapine,ziprasidone,0.1669169169169169
CMD_INDIRECT,clozapine,zotepine,0.4091591591591592
CMD_INDIRECT,chlorpromazine,amisulpride,1.091762252346194
CMD_INDIRECT,chlorpromazine,aripiprazole,0.04379562043795621
CMD_INDIRECT,chlorpromazine,asenapine,0.03441084462982273
CMD_INDIRECT,chlorpromazine,clozapine,1.388946819603754
CMD_INDIRECT,chlorpromazine,chlorpromazine,1
CMD_INDIRECT,chlorpromazine,haloperidol,0.02641640597844978
CMD_INDIRECT,chlorpromazine,olanzapine,0.03475842891901286
CMD_INDIRECT,chlorpromazine,quetiapine,1.106708376781369
CMD_INDIRECT,chlorpromazine,risperidone,0.009384775808133473
CMD_INDIRECT,chlorpromazine,sertindole,0.03267292318387209
CMD_INDIRECT,chlorpromazine,ziprasidone,0.2318387208898158
CMD_INDIRECT,chlorpromazine,zotepine,0.5683003128258604
CMD_INDIRECT,haloperidol,amisulpride,41.32894736842105
CMD_INDIRECT,haloperidol,aripiprazole,1.657894736842105
CMD_INDIRECT,haloperidol,asenapine,1.302631578947368
CMD_INDIRECT,haloperidol,clozapine,52.57894736842105
CMD_INDIRECT,haloperidol,chlorpromazine,37.85526315789473
CMD_INDIRECT,haloperidol,haloperidol,1
CMD_INDIRECT,haloperidol,olanzapine,1.315789473684211
CMD_INDIRECT,haloperidol,quetiapine,41.89473684210526
CMD_INDIRECT,haloperidol,risperidone,0.3552631578947368
CMD_INDIRECT,haloperidol,sertindole,1.236842105263158
CMD_INDIRECT,haloperidol,ziprasidone,8.776315789473683
CMD_INDIRECT,haloperidol,zotepine,21.51315789473684
CMD_INDIRECT,olanzapine,amisulpride,31.41
CMD_INDIRECT,olanzapine,aripiprazole,1.26
CMD_INDIRECT,olanzapine,asenapine,0.99
CMD_INDIRECT,olanzapine,clozapine,39.96
CMD_INDIRECT,olanzapine,chlorpromazine,28.77
CMD_INDIRECT,olanzapine,haloperidol,0.76
CMD_INDIRECT,olanzapine,olanzapine,1
CMD_INDIRECT,olanzapine,quetiapine,31.84
CMD_INDIRECT,olanzapine,risperidone,0.27
CMD_INDIRECT,olanzapine,sertindole,0.9399999999999999
CMD_INDIRECT,olanzapine,ziprasidone,6.67
CMD_INDIRECT,olanzapine,zotepine,16.35
CMD_INDIRECT,quetiapine,amisulpride,0.9864949748743719
CMD_INDIRECT,quetiapine,aripiprazole,0.03957286432160804
CMD_INDIRECT,quetiapine,asenapine,0.0310929648241206
CMD_INDIRECT,quetiapine,clozapine,1.255025125628141
CMD_INDIRECT,quetiapine,chlorpromazine,0.9035804020100502
CMD_INDIRECT,quetiapine,haloperidol,0.02386934673366834
CMD_INDIRECT,quetiapine,olanzapine,0.03140703517587939
CMD_INDIRECT,quetiapine,quetiapine,1
CMD_INDIRECT,quetiapine,risperidone,0.008479899497487437
CMD_INDIRECT,quetiapine,sertindole,0.02952261306532663
CMD_INDIRECT,quetiapine,ziprasidone,0.2094849246231156
CMD_INDIRECT,quetiapine,zotepine,0.5135050251256282
CMD_INDIRECT,risperidone,amisulpride,116.3333333333333
CMD_INDIRECT,risperidone,aripiprazole,4.666666666666666
CMD_INDIRECT,risperidone,asenapine,3.666666666666667
CMD_INDIRECT,risperidone,clozapine,148
CMD_INDIRECT,risperidone,chlorpromazine,106.5555555555555
CMD_INDIRECT,risperidone,haloperidol,2.814814814814815
CMD_INDIRECT,risperidone,olanzapine,3.703703703703703
CMD_INDIRECT,risperidone,quetiapine,117.9259259259259
CMD_INDIRECT,risperidone,risperidone,1
CMD_INDIRECT,risperidone,sertindole,3.481481481481481
CMD_INDIRECT,risperidone,ziprasidone,24.7037037037037
CMD_INDIRECT,risperidone,zotepine,60.55555555555556
CMD_INDIRECT,sertindole,amisulpride,33.41489361702128
CMD_INDIRECT,sertindole,aripiprazole,1.340425531914894
CMD_INDIRECT,sertindole,asenapine,1.053191489361702
CMD_INDIRECT,sertindole,clozapine,42.51063829787234
CMD_INDIRECT,sertindole,chlorpromazine,30.60638297872341
CMD_INDIRECT,sertindole,haloperidol,0.8085106382978724
CMD_INDIRECT,sertindole,olanzapine,1.063829787234043
CMD_INDIRECT,sertindole,quetiapine,33.87234042553192
CMD_INDIRECT,sertindole,risperidone,0.2872340425531915
CMD_INDIRECT,sertindole,sertindole,1
CMD_INDIRECT,sertindole,ziprasidone,7.095744680851064
CMD_INDIRECT,sertindole,zotepine,17.3936170212766
CMD_INDIRECT,ziprasidone,amisulpride,4.709145427286357
CMD_INDIRECT,ziprasidone,aripiprazole,0.1889055472263868
CMD_INDIRECT,ziprasidone,asenapine,0.1484257871064468
CMD_INDIRECT,ziprasidone,clozapine,5.991004497751125
CMD_INDIRECT,ziprasidone,chlorpromazine,4.313343328335832
CMD_INDIRECT,ziprasidone,haloperidol,0.1139430284857571
CMD_INDIRECT,ziprasidone,olanzapine,0.1499250374812594
CMD_INDIRECT,ziprasidone,quetiapine,4.773613193403299
CMD_INDIRECT,ziprasidone,risperidone,0.04047976011994003
CMD_INDIRECT,ziprasidone,sertindole,0.1409295352323838
CMD_INDIRECT,ziprasidone,ziprasidone,1
CMD_INDIRECT,ziprasidone,zotepine,2.451274362818591
CMD_INDIRECT,zotepine,amisulpride,1.921100917431193
CMD_INDIRECT,zotepine,aripiprazole,0.07706422018348623
CMD_INDIRECT,zotepine,asenapine,0.06055045871559633
CMD_INDIRECT,zotepine,clozapine,2.444036697247706
CMD_INDIRECT,zotepine,chlorpromazine,1.759633027522936
CMD_INDIRECT,zotepine,haloperidol,0.04648318042813455
CMD_INDIRECT,zotepine,olanzapine,0.06116207951070336
CMD_INDIRECT,zotepine,quetiapine,1.947400611620795
CMD_INDIRECT,zotepine,risperidone,0.01651376146788991
CMD_INDIRECT,zotepine,sertindole,0.05749235474006115
CMD_INDIRECT,zotepine,ziprasidone,0.4079510703363914
CMD_INDIRECT,zotepine,zotepine,1
GARDNER,amisulpride,amisulpride,1
GARDNER,amisulpride,aripiprazole,0.04285714285714286
GARDNER,amisulpride,benperidol,0.007142857142857143
GARDNER,amisulpride,chlorpromazine,0.8571428571428571
GARDNER,amisulpride,clopenthixol,0.08571428571428572
GARDNER,amisulpride,chlorprothixene,0.7142857142857143
GARDNER,amisulpride,clotiapine,0.1428571428571428
GARDNER,amisulpride,clozapine,0.5714285714285714
GARDNER,amisulpride,haloperidol,0.01428571428571429
GARDNER,amisulpride,olanzapine,0.02857142857142857
GARDNER,amisulpride,oxypertine,0.3428571428571429
GARDNER,amisulpride,paliperidone,0.01285714285714286
GARDNER,amisulpride,pericyazine,0.07142857142857142
GARDNER,amisulpride,perphenazine,0.04285714285714286
GARDNER,amisulpride,pimozide,0.01142857142857143
GARDNER,amisulpride,prochlorperazine,0.1257142857142857
GARDNER,amisulpride,quetiapine,1.071428571428571
GARDNER,amisulpride,remoxipride,0.3028571428571429
GARDNER,amisulpride,risperidone,0.008571428571428572
GARDNER,amisulpride,sertindole,0.02857142857142857
GARDNER,amisulpride,sulpiride,1.142857142857143
GARDNER,amisulpride,thioridazine,0.7142857142857143
GARDNER,amisulpride,thiothixene,0.04285714285714286
GARDNER,amisulpride,trifluoperazine,0.02857142857142857
GARDNER,amisulpride,trifluperidol,0.002857142857142857
GARDNER,amisulpride,triflupromazine,0.1428571428571428
GARDNER,amisulpride,ziprasidone,0.2285714285714286
GARDNER,amisulpride,zotepine,0.4285714285714285
GARDNER,amisulpride,zuclopenthixol,0.07142857142857142
GARDNER,amisulpride,droperidol,0.01428571428571429
GARDNER,amisulpride,flupentixol,0.01428571428571429
GARDNER,amisulpride,fluphenazine,0.01714285714285714
GARDNER,amisulpride,levomepromazine,0.5714285714285714
GARDNER,amisulpride,loxapine,0.08571428571428572
GARDNER,amisulpride,mesoridazine,0.4285714285714285
GARDNER,amisulpride,methotrimeprazine,0.4285714285714285
GARDNER,amisulpride,molindone,0.1428571428571428
GARDNER,aripiprazole,amisulpride,23.33333333333333
GARDNER,aripiprazole,aripiprazole,1
GARDNER,aripiprazole,benperidol,0.1666666666666667
GARDNER,aripiprazole,chlorpromazine,20
GARDNER,aripiprazole,clopenthixol,2
GARDNER,aripiprazole,chlorprothixene,16.66666666666667
GARDNER,aripiprazole,clotiapine,3.333333333333333
GARDNER,aripiprazole,clozapine,13.33333333333333
GARDNER,aripiprazole,haloperidol,0.3333333333333333
GARDNER,aripiprazole,olanzapine,0.6666666666666666
GARDNER,aripiprazole,oxypertine,8
GARDNER,aripiprazole,paliperidone,0.3
GARDNER,aripiprazole,pericyazine,1.666666666666667
GARDNER,aripiprazole,perphenazine,1
GARDNER,aripiprazole,pimozide,0.2666666666666667
GARDNER,aripiprazole,prochlorperazine,2.933333333333333
GARDNER,aripiprazole,quetiapine,25
GARDNER,aripiprazole,remoxipride,7.066666666666666
GARDNER,aripiprazole,risperidone,0.2
GARDNER,aripiprazole,sertindole,0.6666666666666666
GARDNER,aripiprazole,sulpiride,26.66666666666667
GARDNER,aripiprazole,thioridazine,16.66666666666667
GARDNER,aripiprazole,thiothixene,1
GARDNER,aripiprazole,trifluoperazine,0.6666666666666666
GARDNER,aripiprazole,trifluperidol,0.06666666666666667
GARDNER,aripiprazole,triflupromazine,3.333333333333333
GARDNER,aripiprazole,ziprasidone,5.333333333333333
GARDNER,aripiprazole,zotepine,10
GARDNER,aripiprazole,zuclopenthixol,1.666666666666667
GARDNER,aripiprazole,droperidol,0.3333333333333333
GARDNER,aripiprazole,flupentixol,0.3333333333333333
GARDNER,aripiprazole,fluphenazine,0.4
GARDNER,aripiprazole,levomepromazine,13.33333333333333
GARDNER,aripiprazole,loxapine,2
GARDNER,aripiprazole,mesoridazine,10
GARDNER,aripiprazole,methotrimeprazine,10
GARDNER,aripiprazole,molindone,3.333333333333333
GARDNER,benperidol,amisulpride,140
GARDNER,benperidol,aripiprazole,6
GARDNER,benperidol,benperidol,1
GARDNER,benperidol,chlorpromazine,120
GARDNER,benperidol,clopenthixol,12
GARDNER,benperidol,chlorprothixene,100
GARDNER,benperidol,clotiapine,20
GARDNER,benperidol,clozapine,80
GARDNER,benperidol,haloperidol,2
GARDNER,benperidol,olanzapine,4
GARDNER,benperidol,oxypertine,48
GARDNER,benperidol,paliperidone,1.8
GARDNER,benperidol,pericyazine,10
GARDNER,benperidol,perphenazine,6
GARDNER,benperidol,pimozide,1.6
GARDNER,benperidol,prochlorperazine,17.6
GARDNER,benperidol,quetiapine,150
GARDNER,benperidol,remoxipride,42.4
GARDNER,benperidol,risperidone,1.2
GARDNER,benperidol,sertindole,4
GARDNER,benperidol,sulpiride,160
GARDNER,benperidol,thioridazine,100
GARDNER,benperidol,thiothixene,6
GARDNER,benperidol,trifluoperazine,4
GARDNER,benperidol,trifluperidol,0.4
GARDNER,benperidol,triflupromazine,20
GARDNER,benperidol,ziprasidone,32
GARDNER,benperidol,zotepine,60
GARDNER,benperidol,zuclopenthixol,10
GARDNER,benperidol,droperidol,2
GARDNER,benperidol,flupentixol,2
GARDNER,benperidol,fluphenazine,2.4
GARDNER,benperidol,levomepromazine,80
GARDNER,benperidol,loxapine,12
GARDNER,benperidol,mesoridazine,60
GARDNER,benperidol,methotrimeprazine,60
GARDNER,benperidol,molindone,20
GARDNER,chlorpromazine,amisulpride,1.166666666666667
GARDNER,chlorpromazine,aripiprazole,0.05
GARDNER,chlorpromazine,benperidol,0.008333333333333333
GARDNER,chlorpromazine,chlorpromazine,1
GARDNER,chlorpromazine,clopenthixol,0.1
GARDNER,chlorpromazine,chlorprothixene,0.8333333333333334
GARDNER,chlorpromazine,clotiapine,0.1666666666666667
GARDNER,chlorpromazine,clozapine,0.6666666666666666
GARDNER,chlorpromazine,haloperidol,0.01666666666666667
GARDNER,chlorpromazine,olanzapine,0.03333333333333333
GARDNER,chlorpromazine,oxypertine,0.4
GARDNER,chlorpromazine,paliperidone,0.015
GARDNER,chlorpromazine,pericyazine,0.08333333333333333
GARDNER,chlorpromazine,perphenazine,0.05
GARDNER,chlorpromazine,pimozide,0.01333333333333333
GARDNER,chlorpromazine,prochlorperazine,0.1466666666666667
GARDNER,chlorpromazine,quetiapine,1.25
GARDNER,chlorpromazine,remoxipride,0.3533333333333333
GARDNER,chlorpromazine,risperidone,0.01
GARDNER,chlorpromazine,sertindole,0.03333333333333333
GARDNER,chlorpromazine,sulpiride,1.333333333333333
GARDNER,chlorpromazine,thioridazine,0.8333333333333334
GARDNER,chlorpromazine,thiothixene,0.05
GARDNER,chlorpromazine,trifluoperazine,0.03333333333333333
GARDNER,chlorpromazine,trifluperidol,0.003333333333333334
GARDNER,chlorpromazine,triflupromazine,0.1666666666666667
GARDNER,chlorpromazine,ziprasidone,0.2666666666666667
GARDNER,chlorpromazine,zotepine,0.5
GARDNER,chlorpromazine,zuclopenthixol,0.08333333333333333
GARDNER,chlorpromazine,droperidol,0.01666666666666667
GARDNER,chlorpromazine,flupentixol,0.01666666666666667
GARDNER,chlorpromazine,fluphenazine,0.02
GARDNER,chlorpromazine,levomepromazine,0.6666666666666666
GARDNER,chlorpromazine,loxapine,0.1
GARDNER,chlorpromazine,mesoridazine,0.5
GARDNER,chlorpromazine,methotrimeprazine,0.5
GARDNER,chlorpromazine,molindone,0.1666666666666667
GARDNER,clopenthixol,amisulpride,11.66666666666667
GARDNER,clopenthixol,aripiprazole,0.5
GARDNER,clopenthixol,benperidol,0.08333333333333333
GARDNER,clopenthixol,chlorpromazine,10
GARDNER,clopenthixol,clopenthixol,1
GARDNER,clopenthixol,chlorprothixene,8.333333333333334
GARDNER,clopenthixol,clotiapine,1.666666666666667
GARDNER,clopenthixol,clozapine,6.666666666666667
GARDNER,clopenthixol,haloperidol,0.1666666666666667
GARDNER,clopenthixol,olanzapine,0.3333333333333333
GARDNER,clopenthixol,oxypertine,4
GARDNER,clopenthixol,paliperidone,0.15
GARDNER,clopenthixol,pericyazine,0.8333333333333334
GARDNER,clopenthixol,perphenazine,0.5
GARDNER,clopenthixol,pimozide,0.1333333333333333
GARDNER,clopenthixol,prochlorperazine,1.466666666666667
GARDNER,clopenthixol,quetiapine,12.5
GARDNER,clopenthixol,remoxipride,3.533333333333333
GARDNER,clopenthixol,risperidone,0.1
GARDNER,clopenthixol,sertindole,0.3333333333333333
GARDNER,clopenthixol,sulpiride,13.33333333333333
GARDNER,clopenthixol,thioridazine,8.333333333333334
GARDNER,clopenthixol,thiothixene,0.5
GARDNER,clopenthixol,trifluoperazine,0.3333333333333333
GARDNER,clopenthixol,trifluperidol,0.03333333333333333
GARDNER,clopenthixol,triflupromazine,1.666666666666667
GARDNER,clopenthixol,ziprasidone,2.666666666666667
GARDNER,clopenthixol,zotepine,5
GARDNER,clopenthixol,zuclopenthixol,0.8333333333333334
GARDNER,clopenthixol,droperidol,0.1666666666666667
GARDNER,clopenthixol,flupentixol,0.1666666666666667
GARDNER,clopenthixol,fluphenazine,0.2
GARDNER,clopenthixol,levomepromazine,6.666666666666667
GARDNER,clopenthixol,loxapine,1
GARDNER,clopenthixol,mesoridazine,5
GARDNER,clopenthixol,methotrimeprazine,5
GARDNER,clopenthixol,molindone,1.666666666666667
GARDNER,chlorprothixene,amisulpride,1.4
GARDNER,chlorprothixene,aripiprazole,0.06
GARDNER,chlorprothixene,benperidol,0.01
GARDNER,chlorprothixene,chlorpromazine,1.2
GARDNER,chlorprothixene,clopenthixol,0.12
GARDNER,chlorprothixene,chlorprothixene,1
GARDNER,chlorprothixene,clotiapine,0.2
GARDNER,chlorprothixene,clozapine,0.8
GARDNER,chlorprothixene,haloperidol,0.02
GARDNER,chlorprothixene,olanzapine,0.04
GARDNER,chlorprothixene,oxypertine,0.48
GARDNER,chlorprothixene,paliperidone,0.018
GARDNER,chlorprothixene,pericyazine,0.1
GARDNER,chlorprothixene,perphenazine,0.06
GARDNER,chlorprothixene,pimozide,0.016
GARDNER,chlorprothixene,prochlorperazine,0.176
GARDNER,chlorprothixene,quetiapine,1.5
GARDNER,chlorprothixene,remoxipride,0.424
GARDNER,chlorprothixene,risperidone,0.012
GARDNER,chlorprothixene,sertindole,0.04
GARDNER,chlorprothixene,sulpiride,1.6
GARDNER,chlorprothixene,thioridazine,1
GARDNER,chlorprothixene,thiothixene,0.06
GARDNER,chlorprothixene,trifluoperazine,0.04
GARDNER,chlorprothixene,trifluperidol,0.004
GARDNER,chlorprothixene,triflupromazine,0.2
GARDNER,chlorprothixene,ziprasidone,0.32
GARDNER,chlorprothixene,zotepine,0.6
GARDNER,chlorprothixene,zuclopenthixol,0.1
GARDNER,chlorprothixene,droperidol,0.02
GARDNER,chlorprothixene,flupentixol,0.02
GARDNER,chlorprothixene,fluphenazine,0.024
GARDNER,chlorprothixene,levomepromazine,0.8
GARDNER,chlorprothixene,loxapine,0.12
GARDNER,chlorprothixene,mesoridazine,0.6
GARDNER,chlorprothixene,methotrimeprazine,0.6
GARDNER,chlorprothixene,molindone,0.2
GARDNER,clotiapine,amisulpride,7
GARDNER,clotiapine,aripiprazole,0.3
GARDNER,clotiapine,benperidol,0.05
GARDNER,clotiapine,chlorpromazine,6
GARDNER,clotiapine,clopenthixol,0.6
GARDNER,clotiapine,chlorprothixene,5
GARDNER,clotiapine,clotiapine,1
GARDNER,clotiapine,clozapine,4
GARDNER,clotiapine,haloperidol,0.1
GARDNER,clotiapine,olanzapine,0.2
GARDNER,clotiapine,oxypertine,2.4
GARDNER,clotiapine,paliperidone,0.09
GARDNER,clotiapine,pericyazine,0.5
GARDNER,clotiapine,perphenazine,0.3
GARDNER,clotiapine,pimozide,0.08
GARDNER,clotiapine,prochlorperazine,0.88
GARDNER,clotiapine,quetiapine,7.5
GARDNER,clotiapine,remoxipride,2.12
GARDNER,clotiapine,risperidone,0.06
GARDNER,clotiapine,sertindole,0.2
GARDNER,clotiapine,sulpiride,8
GARDNER,clotiapine,thioridazine,5
GARDNER,clotiapine,thiothixene,0.3
GARDNER,clotiapine,trifluoperazine,0.2
GARDNER,clotiapine,trifluperidol,0.02
GARDNER,clotiapine,triflupromazine,1
GARDNER,clotiapine,ziprasidone,1.6
GARDNER,clotiapine,zotepine,3
GARDNER,clotiapine,zuclopenthixol,0.5
GARDNER,clotiapine,droperidol,0.1
GARDNER,clotiapine,flupentixol,0.1
GARDNER,clotiapine,fluphenazine,0.12
GARDNER,clotiapine,levomepromazine,4
GARDNER,clotiapine,loxapine,0.6
GARDNER,clotiapine,mesoridazine,3
GARDNER,clotiapine,methotrimeprazine,3
GARDNER,clotiapine,molindone,1
GARDNER,clozapine,amisulpride,1.75
GARDNER,clozapine,aripiprazole,0.075
GARDNER,clozapine,benperidol,0.0125
GARDNER,clozapine,chlorpromazine,1.5
GARDNER,clozapine,clopenthixol,0.15
GARDNER,clozapine,chlorprothixene,1.25
GARDNER,clozapine,clotiapine,0.25
GARDNER,clozapine,clozapine,1
GARDNER,clozapine,haloperidol,0.025
GARDNER,clozapine,olanzapine,0.05
GARDNER,clozapine,oxypertine,0.6
GARDNER,clozapine,paliperidone,0.0225
GARDNER,clozapine,pericyazine,0.125
GARDNER,clozapine,perphenazine,0.075
GARDNER,clozapine,pimozide,0.02
GARDNER,clozapine,prochlorperazine,0.22
GARDNER,clozapine,quetiapine,1.875
GARDNER,clozapine,remoxipride,0.53
GARDNER,clozapine,risperidone,0.015
GARDNER,clozapine,sertindole,0.05
GARDNER,clozapine,sulpiride,2
GARDNER,clozapine,thioridazine,1.25
GARDNER,clozapine,thiothixene,0.075
GARDNER,clozapine,trifluoperazine,0.05
GARDNER,clozapine,trifluperidol,0.005
GARDNER,clozapine,triflupromazine,0.25
GARDNER,clozapine,ziprasidone,0.4
GARDNER,clozapine,zotepine,0.75
GARDNER,clozapine,zuclopenthixol,0.125
GARDNER,clozapine,droperidol,0.025
GARDNER,clozapine,flupentixol,0.025
GARDNER,clozapine,fluphenazine,0.03
GARDNER,clozapine,levomepromazine,1
GARDNER,clozapine,loxapine,0.15
GARDNER,clozapine,mesoridazine,0.75
GARDNER,clozapine,methotrimeprazine,0.75
GARDNER,clozapine,molindone,0.25
GARDNER,haloperidol,amisulpride,70
GARDNER,haloperidol,aripiprazole,3
GARDNER,haloperidol,benperidol,0.5
GARDNER,haloperidol,chlorpromazine,60
GARDNER,haloperidol,clopenthixol,6
GARDNER,haloperidol,chlorprothixene,50
GARDNER,haloperidol,clotiapine,10
GARDNER,haloperidol,clozapine,40
GARDNER,haloperidol,haloperidol,1
GARDNER,haloperidol,olanzapine,2
GARDNER,haloperidol,oxypertine,24
GARDNER,haloperidol,paliperidone,0.9
GARDNER,haloperidol,pericyazine,5
GARDNER,haloperidol,perphenazine,3
GARDNER,haloperidol,pimozide,0.8
GARDNER,haloperidol,prochlorperazine,8.800000000000001
GARDNER,haloperidol,quetiapine,75
GARDNER,haloperidol,remoxipride,21.2
GARDNER,haloperidol,risperidone,0.6
GARDNER,haloperidol,sertindole,2
GARDNER,haloperidol,sulpiride,80
GARDNER,haloperidol,thioridazine,50
GARDNER,haloperidol,thiothixene,3
GARDNER,haloperidol,trifluoperazine,2
GARDNER,haloperidol,trifluperidol,0.2
GARDNER,haloperidol,triflupromazine,10
GARDNER,haloperidol,ziprasidone,16
GARDNER,haloperidol,zotepine,30
GARDNER,haloperidol,zuclopenthixol,5
GARDNER,haloperidol,droperidol,1
GARDNER,haloperidol,flupentixol,1
GARDNER,haloperidol,fluphenazine,1.2
GARDNER,haloperidol,levomepromazine,40
GARDNER,haloperidol,loxapine,6
GARDNER,haloperidol,mesoridazine,30
GARDNER,haloperidol,methotrimeprazine,30
GARDNER,haloperidol,molindone,10
GARDNER,olanzapine,amisulpride,35
GARDNER,olanzapine,aripiprazole,1.5
GARDNER,olanzapine,benperidol,0.25
GARDNER,olanzapine,chlorpromazine,30
GARDNER,olanzapine,clopenthixol,3
GARDNER,olanzapine,chlorprothixene,25
GARDNER,olanzapine,clotiapine,5
GARDNER,olanzapine,clozapine,20
GARDNER,olanzapine,haloperidol,0.5
GARDNER,olanzapine,olanzapine,1
GARDNER,olanzapine,oxypertine,12
GARDNER,olanzapine,paliperidone,0.45
GARDNER,olanzapine,pericyazine,2.5
GARDNER,olanzapine,perphenazine,1.5
GARDNER,olanzapine,pimozide,0.4
GARDNER,olanzapine,prochlorperazine,4.4
GARDNER,olanzapine,quetiapine,37.5
GARDNER,olanzapine,remoxipride,10.6
GARDNER,olanzapine,risperidone,0.3
GARDNER,olanzapine,sertindole,1
GARDNER,olanzapine,sulpiride,40
GARDNER,olanzapine,thioridazine,25
GARDNER,olanzapine,thiothixene,1.5
GARDNER,olanzapine,trifluoperazine,1
GARDNER,olanzapine,trifluperidol,0.1
GARDNER,olanzapine,triflupromazine,5
GARDNER,olanzapine,ziprasidone,8
GARDNER,olanzapine,zotepine,15
GARDNER,olanzapine,zuclopenthixol,2.5
GARDNER,olanzapine,droperidol,0.5
GARDNER,olanzapine,flupentixol,0.5
GARDNER,olanzapine,fluphenazine,0.6
GARDNER,olanzapine,levomepromazine,20
GARDNER,olanzapine,loxapine,3
GARDNER,olanzapine,mesoridazine,15
GARDNER,olanzapine,methotrimeprazine,15
GARDNER,olanzapine,molindone,5
GARDNER,oxypertine,amisulpride,2.916666666666667
GARDNER,oxypertine,aripiprazole,0.125
GARDNER,oxypertine,benperidol,0.02083333333333333
GARDNER,oxypertine,chlorpromazine,2.5
GARDNER,oxypertine,clopenthixol,0.25
GARDNER,oxypertine,chlorprothixene,2.083333333333333
GARDNER,oxypertine,clotiapine,0.4166666666666667
GARDNER,oxypertine,clozapine,1.666666666666667
GARDNER,oxypertine,haloperidol,0.04166666666666666
GARDNER,oxypertine,olanzapine,0.08333333333333333
GARDNER,oxypertine,oxypertine,1
GARDNER,oxypertine,paliperidone,0.0375
GARDNER,oxypertine,pericyazine,0.2083333333333333
GARDNER,oxypertine,perphenazine,0.125
GARDNER,oxypertine,pimozide,0.03333333333333333
GARDNER,oxypertine,prochlorperazine,0.3666666666666666
GARDNER,oxypertine,quetiapine,3.125
GARDNER,oxypertine,remoxipride,0.8833333333333333
GARDNER,oxypertine,risperidone,0.025
GARDNER,oxypertine,sertindole,0.08333333333333333
GARDNER,oxypertine,sulpiride,3.333333333333333
GARDNER,oxypertine,thioridazine,2.083333333333333
GARDNER,oxypertine,thiothixene,0.125
GARDNER,oxypertine,trifluoperazine,0.08333333333333333
GARDNER,oxypertine,trifluperidol,0.008333333333333333
GARDNER,oxypertine,triflupromazine,0.4166666666666667
GARDNER,oxypertine,ziprasidone,0.6666666666666666
GARDNER,oxypertine,zotepine,1.25
GARDNER,oxypertine,zuclopenthixol,0.2083333333333333
GARDNER,oxypertine,droperidol,0.04166666666666666
GARDNER,oxypertine,flupentixol,0.04166666666666666
GARDNER,oxypertine,fluphenazine,0.05
GARDNER,oxypertine,levomepromazine,1.666666666666667
GARDNER,oxypertine,loxapine,0.25
GARDNER,oxypertine,mesoridazine,1.25
GARDNER,oxypertine,methotrimeprazine,1.25
GARDNER,oxypertine,molindone,0.4166666666666667
GARDNER,paliperidone,amisulpride,77.77777777777777
GARDNER,paliperidone,aripiprazole,3.333333333333333
GARDNER,paliperidone,benperidol,0.5555555555555556
GARDNER,paliperidone,chlorpromazine,66.66666666666667
GARDNER,paliperidone,clopenthixol,6.666666666666667
GARDNER,paliperidone,chlorprothixene,55.55555555555556
GARDNER,paliperidone,clotiapine,11.11111111111111
GARDNER,paliperidone,clozapine,44.44444444444444
GARDNER,paliperidone,haloperidol,1.111111111111111
GARDNER,paliperidone,olanzapine,2.222222222222222
GARDNER,paliperidone,oxypertine,26.66666666666667
GARDNER,paliperidone,paliperidone,1
GARDNER,paliperidone,pericyazine,5.555555555555555
GARDNER,paliperidone,perphenazine,3.333333333333333
GARDNER,paliperidone,pimozide,0.8888888888888888
GARDNER,paliperidone,prochlorperazine,9.777777777777779
GARDNER,paliperidone,quetiapine,83.33333333333333
GARDNER,paliperidone,remoxipride,23.55555555555556
GARDNER,paliperidone,risperidone,0.6666666666666666
GARDNER,paliperidone,sertindole,2.222222222222222
GARDNER,paliperidone,sulpiride,88.88888888888889
GARDNER,paliperidone,thioridazine,55.55555555555556
GARDNER,paliperidone,thiothixene,3.333333333333333
GARDNER,paliperidone,trifluoperazine,2.222222222222222
GARDNER,paliperidone,trifluperidol,0.2222222222222222
GARDNER,paliperidone,triflupromazine,11.11111111111111
GARDNER,paliperidone,ziprasidone,17.77777777777778
GARDNER,paliperidone,zotepine,33.33333333333334
GARDNER,paliperidone,zuclopenthixol,5.555555555555555
GARDNER,paliperidone,droperidol,1.111111111111111
GARDNER,paliperidone,flupentixol,1.111111111111111
GARDNER,paliperidone,fluphenazine,1.333333333333333
GARDNER,paliperidone,levomepromazine,44.44444444444444
GARDNER,paliperidone,loxapine,6.666666666666667
GARDNER,paliperidone,mesoridazine,33.33333333333334
GARDNER,paliperidone,methotrimeprazine,33.33333333333334
GARDNER,paliperidone,molindone,11.11111111111111
GARDNER,pericyazine,amisulpride,14
GARDNER,pericyazine,aripiprazole,0.6
GARDNER,pericyazine,benperidol,0.1
GARDNER,pericyazine,chlorpromazine,12
GARDNER,pericyazine,clopenthixol,1.2
GARDNER,pericyazine,chlorprothixene,10
GARDNER,pericyazine,clotiapine,2
GARDNER,pericyazine,clozapine,8
GARDNER,pericyazine,haloperidol,0.2
GARDNER,pericyazine,olanzapine,0.4
GARDNER,pericyazine,oxypertine,4.8
GARDNER,pericyazine,paliperidone,0.18
GARDNER,pericyazine,pericyazine,1
GARDNER,pericyazine,perphenazine,0.6
GARDNER,pericyazine,pimozide,0.16
GARDNER,pericyazine,prochlorperazine,1.76
GARDNER,pericyazine,quetiapine,15
GARDNER,pericyazine,remoxipride,4.24
GARDNER,pericyazine,risperidone,0.12
GARDNER,pericyazine,sertindole,0.4
GARDNER,pericyazine,sulpiride,16
GARDNER,pericyazine,thioridazine,10
GARDNER,pericyazine,thiothixene,0.6
GARDNER,pericyazine,trifluoperazine,0.4
GARDNER,pericyazine,trifluperidol,0.04
GARDNER,pericyazine,triflupromazine,2
GARDNER,pericyazine,ziprasidone,3.2
GARDNER,pericyazine,zotepine,6
GARDNER,pericyazine,zuclopenthixol,1
GARDNER,pericyazine,droperidol,0.2
GARDNER,pericyazine,flupentixol,0.2
GARDNER,pericyazine,fluphenazine,0.24
GARDNER,pericyazine,levomepromazine,8
GARDNER,pericyazine,loxapine,1.2
GARDNER,pericyazine,mesoridazine,6
GARDNER,pericyazine,methotrimeprazine,6
GARDNER,pericyazine,molindone,2
GARDNER,perphenazine,amisulpride,23.33333333333333
GARDNER,perphenazine,aripiprazole,1
GARDNER,perphenazine,benperidol,0.1666666666666667
GARDNER,perphenazine,chlorpromazine,20
GARDNER,perphenazine,clopenthixol,2
GARDNER,perphenazine,chlorprothixene,16.66666666666667
GARDNER,perphenazine,clotiapine,3.333333333333333
GARDNER,perphenazine,clozapine,13.33333333333333
GARDNER,perphenazine,haloperidol,0.3333333333333333
GARDNER,perphenazine,olanzapine,0.6666666666666666
GARDNER,perphenazine,oxypertine,8
GARDNER,perphenazine,paliperidone,0.3
GARDNER,perphenazine,pericyazine,1.666666666666667
GARDNER,perphenazine,perphenazine,1
GARDNER,perphenazine,pimozide,0.2666666666666667
GARDNER,perphenazine,prochlorperazine,2.933333333333333
GARDNER,perphenazine,quetiapine,25
GARDNER,perphenazine,remoxipride,7.066666666666666
GARDNER,perphenazine,risperidone,0.2
GARDNER,perphenazine,sertindole,0.6666666666666666
GARDNER,perphenazine,sulpiride,26.66666666666667
GARDNER,perphenazine,thioridazine,16.66666666666667
GARDNER,perphenazine,thiothixene,1
GARDNER,perphenazine,trifluoperazine,0.6666666666666666
GARDNER,perphenazine,trifluperidol,0.06666666666666667
GARDNER,perphenazine,triflupromazine,3.333333333333333
GARDNER,perphenazine,ziprasidone,5.333333333333333
GARDNER,perphenazine,zotepine,10
GARDNER,perphenazine,zuclopenthixol,1.666666666666667
GARDNER,perphenazine,droperidol,0.3333333333333333
GARDNER,perphenazine,flupentixol,0.3333333333333333
GARDNER,perphenazine,fluphenazine,0.4
GARDNER,perphenazine,levomepromazine,13.33333333333333
GARDNER,perphenazine,loxapine,2
GARDNER,perphenazine,mesoridazine,10
GARDNER,perphenazine,methotrimeprazine,10
GARDNER,perphenazine,molindone,3.333333333333333
GARDNER,pimozide,amisulpride,87.5
GARDNER,pimozide,aripiprazole,3.75
GARDNER,pimozide,benperidol,0.625
GARDNER,pimozide,chlorpromazine,75
GARDNER,pimozide,clopenthixol,7.5
GARDNER,pimozide,chlorprothixene,62.5
GARDNER,pimozide,clotiapine,12.5
GARDNER,pimozide,clozapine,50
GARDNER,pimozide,haloperidol,1.25
GARDNER,pimozide,olanzapine,2.5
GARDNER,pimozide,oxypertine,30
GARDNER,pimozide,paliperidone,1.125
GARDNER,pimozide,pericyazine,6.25
GARDNER,pimozide,perphenazine,3.75
GARDNER,pimozide,pimozide,1
GARDNER,pimozide,prochlorperazine,11
GARDNER,pimozide,quetiapine,93.75
GARDNER,pimozide,remoxipride,26.5
GARDNER,pimozide,risperidone,0.75
GARDNER,pimozide,sertindole,2.5
GARDNER,pimozide,sulpiride,100
GARDNER,pimozide,thioridazine,62.5
GARDNER,pimozide,thiothixene,3.75
GARDNER,pimozide,trifluoperazine,2.5
GARDNER,pimozide,trifluperidol,0.25
GARDNER,pimozide,triflupromazine,12.5
GARDNER,pimozide,ziprasidone,20
GARDNER,pimozide,zotepine,37.5
GARDNER,pimozide,zuclopenthixol,6.25
GARDNER,pimozide,droperidol,1.25
GARDNER,pimozide,flupentixol,1.25
GARDNER,pimozide,fluphenazine,1.5
GARDNER,pimozide,levomepromazine,50
GARDNER,pimozide,loxapine,7.5
GARDNER,pimozide,mesoridazine,37.5
GARDNER,pimozide,methotrimeprazine,37.5
GARDNER,pimozide,molindone,12.5
GARDNER,prochlorperazine,amisulpride,7.954545454545454
GARDNER,prochlorperazine,aripiprazole,0.3409090909090909
GARDNER,prochlorperazine,benperidol,0.05681818181818182
GARDNER,prochlorperazine,chlorpromazine,6.818181818181818
GARDNER,prochlorperazine,clopenthixol,0.6818181818181818
GARDNER,prochlorperazine,chlorprothixene,5.681818181818182
GARDNER,prochlorperazine,clotiapine,1.136363636363636
GARDNER,prochlorperazine,clozapine,4.545454545454546
GARDNER,prochlorperazine,haloperidol,0.1136363636363636
GARDNER,prochlorperazine,olanzapine,0.2272727272727273
GARDNER,prochlorperazine,oxypertine,2.727272727272727
GARDNER,prochlorperazine,paliperidone,0.1022727272727273
GARDNER,prochlorperazine,pericyazine,0.5681818181818182
GARDNER,prochlorperazine,perphenazine,0.3409090909090909
GARDNER,prochlorperazine,pimozide,0.09090909090909091
GARDNER,prochlorperazine,prochlorperazine,1
GARDNER,prochlorperazine,quetiapine,8.522727272727273
GARDNER,prochlorperazine,remoxipride,2.409090909090909
GARDNER,prochlorperazine,risperidone,0.06818181818181818
GARDNER,prochlorperazine,sertindole,0.2272727272727273
GARDNER,prochlorperazine,sulpiride,9.090909090909092
GARDNER,prochlorperazine,thioridazine,5.681818181818182
GARDNER,prochlorperazine,thiothixene,0.3409090909090909
GARDNER,prochlorperazine,trifluoperazine,0.2272727272727273
GARDNER,prochlorperazine,trifluperidol,0.02272727272727273
GARDNER,prochlorperazine,triflupromazine,1.136363636363636
GARDNER,prochlorperazine,ziprasidone,1.818181818181818
GARDNER,prochlorperazine,zotepine,3.409090909090909
GARDNER,prochlorperazine,zuclopenthixol,0.5681818181818182
GARDNER,prochlorperazine,droperidol,0.1136363636363636
GARDNER,prochlorperazine,flupentixol,0.1136363636363636
GARDNER,prochlorperazine,fluphenazine,0.1363636363636364
GARDNER,prochlorperazine,levomepromazine,4.545454545454546
GARDNER,prochlorperazine,loxapine,0.6818181818181818
GARDNER,prochlorperazine,mesoridazine,3.409090909090909
GARDNER,prochlorperazine,methotrimeprazine,3.409090909090909
GARDNER,prochlorperazine,molindone,1.136363636363636
GARDNER,quetiapine,amisulpride,0.9333333333333333
GARDNER,quetiapine,aripiprazole,0.04
GARDNER,quetiapine,benperidol,0.006666666666666667
GARDNER,quetiapine,chlorpromazine,0.8
GARDNER,quetiapine,clopenthixol,0.08
GARDNER,quetiapine,chlorprothixene,0.6666666666666666
GARDNER,quetiapine,clotiapine,0.1333333333333333
GARDNER,quetiapine,clozapine,0.5333333333333333
GARDNER,quetiapine,haloperidol,0.01333333333333333
GARDNER,quetiapine,olanzapine,0.02666666666666667
GARDNER,quetiapine,oxypertine,0.32
GARDNER,quetiapine,paliperidone,0.012
GARDNER,quetiapine,pericyazine,0.06666666666666667
GARDNER,quetiapine,perphenazine,0.04
GARDNER,quetiapine,pimozide,0.01066666666666667
GARDNER,quetiapine,prochlorperazine,0.1173333333333333
GARDNER,quetiapine,quetiapine,1
GARDNER,quetiapine,remoxipride,0.2826666666666667
GARDNER,quetiapine,risperidone,0.008
GARDNER,quetiapine,sertindole,0.02666666666666667
GARDNER,quetiapine,sulpiride,1.066666666666667
GARDNER,quetiapine,thioridazine,0.6666666666666666
GARDNER,quetiapine,thiothixene,0.04
GARDNER,quetiapine,trifluoperazine,0.02666666666666667
GARDNER,quetiapine,trifluperidol,0.002666666666666667
GARDNER,quetiapine,triflupromazine,0.1333333333333333
GARDNER,quetiapine,ziprasidone,0.2133333333333333
GARDNER,quetiapine,zotepine,0.4
GARDNER,quetiapine,zuclopenthixol,0.06666666666666667
GARDNER,quetiapine,droperidol,0.01333333333333333
GARDNER,quetiapine,flupentixol,0.01333333333333333
GARDNER,quetiapine,fluphenazine,0.016
GARDNER,quetiapine,levomepromazine,0.5333333333333333
GARDNER,quetiapine,loxapine,0.08
GARDNER,quetiapine,mesoridazine,0.4
GARDNER,quetiapine,methotrimeprazine,0.4
GARDNER,quetiapine,molindone,0.1333333333333333
GARDNER,remoxipride,amisulpride,3.30188679245283
GARDNER,remoxipride,aripiprazole,0.1415094339622641
GARDNER,remoxipride,benperidol,0.02358490566037736
GARDNER,remoxipride,chlorpromazine,2.830188679245283
GARDNER,remoxipride,clopenthixol,0.2830188679245283
GARDNER,remoxipride,chlorprothixene,2.358490566037736
GARDNER,remoxipride,clotiapine,0.4716981132075472
GARDNER,remoxipride,clozapine,1.886792452830189
GARDNER,remoxipride,haloperidol,0.04716981132075472
GARDNER,remoxipride,olanzapine,0.09433962264150944
GARDNER,remoxipride,oxypertine,1.132075471698113
GARDNER,remoxipride,paliperidone,0.04245283018867924
GARDNER,remoxipride,pericyazine,0.2358490566037736
GARDNER,remoxipride,perphenazine,0.1415094339622641
GARDNER,remoxipride,pimozide,0.03773584905660377
GARDNER,remoxipride,prochlorperazine,0.4150943396226415
GARDNER,remoxipride,quetiapine,3.537735849056604
GARDNER,remoxipride,remoxipride,1
GARDNER,remoxipride,risperidone,0.02830188679245283
GARDNER,remoxipride,sertindole,0.09433962264150944
GARDNER,remoxipride,sulpiride,3.773584905660377
GARDNER,remoxipride,thioridazine,2.358490566037736
GARDNER,remoxipride,thiothixene,0.1415094339622641
GARDNER,remoxipride,trifluoperazine,0.09433962264150944
GARDNER,remoxipride,trifluperidol,0.009433962264150943
GARDNER,remoxipride,triflupromazine,0.4716981132075472
GARDNER,remoxipride,ziprasidone,0.7547169811320755
GARDNER,remoxipride,zotepine,1.415094339622641
GARDNER,remoxipride,zuclopenthixol,0.2358490566037736
GARDNER,remoxipride,droperidol,0.04716981132075472
GARDNER,remoxipride,flupentixol,0.04716981132075472
GARDNER,remoxipride,fluphenazine,0.05660377358490566
GARDNER,remoxipride,levomepromazine,1.886792452830189
GARDNER,remoxipride,loxapine,0.2830188679245283
GARDNER,remoxipride,mesoridazine,1.415094339622641
GARDNER,remoxipride,methotrimeprazine,1.415094339622641
GARDNER,remoxipride,molindone,0.4716981132075472
GARDNER,risperidone,amisulpride,116.6666666666667
GARDNER,risperidone,aripiprazole,5
GARDNER,risperidone,benperidol,0.8333333333333334
GARDNER,risperidone,chlorpromazine,100
GARDNER,risperidone,clopenthixol,10
GARDNER,risperidone,chlorprothixene,83.33333333333333
GARDNER,risperidone,clotiapine,16.66666666666667
GARDNER,risperidone,clozapine,66.66666666666667
GARDNER,risperidone,haloperidol,1.666666666666667
GARDNER,risperidone,olanzapine,3.333333333333333
GARDNER,risperidone,oxypertine,40
GARDNER,risperidone,paliperidone,1.5
GARDNER,risperidone,pericyazine,8.333333333333334
GARDNER,risperidone,perphenazine,5
GARDNER,risperidone,pimozide,1.333333333333333
GARDNER,risperidone,prochlorperazine,14.66666666666667
GARDNER,risperidone,quetiapine,125
GARDNER,risperidone,remoxipride,35.33333333333334
GARDNER,risperidone,risperidone,1
GARDNER,risperidone,sertindole,3.333333333333333
GARDNER,risperidone,sulpiride,133.3333333333333
GARDNER,risperidone,thioridazine,83.33333333333333
GARDNER,risperidone,thiothixene,5
GARDNER,risperidone,trifluoperazine,3.333333333333333
GARDNER,risperidone,trifluperidol,0.3333333333333333
GARDNER,risperidone,triflupromazine,16.66666666666667
GARDNER,risperidone,ziprasidone,26.66666666666667
GARDNER,risperidone,zotepine,50
GARDNER,risperidone,zuclopenthixol,8.333333333333334
GARDNER,risperidone,droperidol,1.666666666666667
GARDNER,risperidone,flupentixol,1.666666666666667
GARDNER,risperidone,fluphenazine,2
GARDNER,risperidone,levomepromazine,66.66666666666667
GARDNER,risperidone,loxapine,10
GARDNER,risperidone,mesoridazine,50
GARDNER,risperidone,methotrimeprazine,50
GARDNER,risperidone,molindone,16.66666666666667
GARDNER,sertindole,amisulpride,35
GARDNER,sertindole,aripiprazole,1.5
GARDNER,sertindole,benperidol,0.25
GARDNER,sertindole,chlorpromazine,30
GARDNER,sertindole,clopenthixol,3
GARDNER,sertindole,chlorprothixene,25
GARDNER,sertindole,clotiapine,5
GARDNER,sertindole,clozapine,20
GARDNER,sertindole,haloperidol,0.5
GARDNER,sertindole,olanzapine,1
GARDNER,sertindole,oxypertine,12
GARDNER,sertindole,paliperidone,0.45
GARDNER,sertindole,pericyazine,2.5
GARDNER,sertindole,perphenazine,1.5
GARDNER,sertindole,pimozide,0.4
GARDNER,sertindole,prochlorperazine,4.4
GARDNER,sertindole,quetiapine,37.5
GARDNER,sertindole,remoxipride,10.6
GARDNER,sertindole,risperidone,0.3
GARDNER,sertindole,sertindole,1
GARDNER,sertindole,sulpiride,40
GARDNER,sertindole,thioridazine,25
GARDNER,sertindole,thiothixene,1.5
GARDNER,sertindole,trifluoperazine,1
GARDNER,sertindole,trifluperidol,0.1
GARDNER,sertindole,triflupromazine,5
GARDNER,sertindole,ziprasidone,8
GARDNER,sertindole,zotepine,15
GARDNER,sertindole,zuclopenthixol,2.5
GARDNER,sertindole,droperidol,0.5
GARDNER,sertindole,flupentixol,0.5
GARDNER,sertindole,fluphenazine,0.6
GARDNER,sertindole,levomepromazine,20
GARDNER,sertindole,loxapine,3
GARDNER,sertindole,mesoridazine,15
GARDNER,sertindole,methotrimeprazine,15
GARDNER,sertindole,molindone,5
GARDNER,sulpiride,amisulpride,0.875
GARDNER,sulpiride,aripiprazole,0.0375
GARDNER,sulpiride,benperidol,0.00625
GARDNER,sulpiride,chlorpromazine,0.75
GARDNER,sulpiride,clopenthixol,0.075
GARDNER,sulpiride,chlorprothixene,0.625
GARDNER,sulpiride,clotiapine,0.125
GARDNER,sulpiride,clozapine,0.5
GARDNER,sulpiride,haloperidol,0.0125
GARDNER,sulpiride,olanzapine,0.025
GARDNER,sulpiride,oxypertine,0.3
GARDNER,sulpiride,paliperidone,0.01125
GARDNER,sulpiride,pericyazine,0.0625
GARDNER,sulpiride,perphenazine,0.0375
GARDNER,sulpiride,pimozide,0.01
GARDNER,sulpiride,prochlorperazine,0.11
GARDNER,sulpiride,quetiapine,0.9375
GARDNER,sulpiride,remoxipride,0.265
GARDNER,sulpiride,risperidone,0.0075
GARDNER,sulpiride,sertindole,0.025
GARDNER,sulpiride,sulpiride,1
GARDNER,sulpiride,thioridazine,0.625
GARDNER,sulpiride,thiothixene,0.0375
GARDNER,sulpiride,trifluoperazine,0.025
GARDNER,sulpiride,trifluperidol,0.0025
GARDNER,sulpiride,triflupromazine,0.125
GARDNER,sulpiride,ziprasidone,0.2
GARDNER,sulpiride,zotepine,0.375
GARDNER,sulpiride,zuclopenthixol,0.0625
GARDNER,sulpiride,droperidol,0.0125
GARDNER,sulpiride,flupentixol,0.0125
GARDNER,sulpiride,fluphenazine,0.015
GARDNER,sulpiride,levomepromazine,0.5
GARDNER,sulpiride,loxapine,0.075
GARDNER,sulpiride,mesoridazine,0.375
GARDNER,sulpiride,methotrimeprazine,0.375
GARDNER,sulpiride,molindone,0.125
GARDNER,thioridazine,amisulpride,1.4
GARDNER,thioridazine,aripiprazole,0.06
GARDNER,thioridazine,benperidol,0.01
GARDNER,thioridazine,chlorpromazine,1.2
GARDNER,thioridazine,clopenthixol,0.12
GARDNER,thioridazine,chlorprothixene,1
GARDNER,thioridazine,clotiapine,0.2
GARDNER,thioridazine,clozapine,0.8
GARDNER,thioridazine,haloperidol,0.02
GARDNER,thioridazine,olanzapine,0.04
GARDNER,thioridazine,oxypertine,0.48
GARDNER,thioridazine,paliperidone,0.018
GARDNER,thioridazine,pericyazine,0.1
GARDNER,thioridazine,perphenazine,0.06
GARDNER,thioridazine,pimozide,0.016
GARDNER,thioridazine,prochlorperazine,0.176
GARDNER,thioridazine,quetiapine,1.5
GARDNER,thioridazine,remoxipride,0.424
GARDNER,thioridazine,risperidone,0.012
GARDNER,thioridazine,sertindole,0.04
GARDNER,thioridazine,sulpiride,1.6
GARDNER,thioridazine,thioridazine,1
GARDNER,thioridazine,thiothixene,0.06
GARDNER,thioridazine,trifluoperazine,0.04
GARDNER,thioridazine,trifluperidol,0.004
GARDNER,thioridazine,triflupromazine,0.2
GARDNER,thioridazine,ziprasidone,0.32
GARDNER,thioridazine,zotepine,0.6
GARDNER,thioridazine,zuclopenthixol,0.1
GARDNER,thioridazine,droperidol,0.02
GARDNER,thioridazine,flupentixol,0.02
GARDNER,thioridazine,fluphenazine,0.024
GARDNER,thioridazine,levomepromazine,0.8
GARDNER,thioridazine,loxapine,0.12
GARDNER,thioridazine,mesoridazine,0.6
GARDNER,thioridazine,methotrimeprazine,0.6
GARDNER,thioridazine,molindone,0.2
GARDNER,thiothixene,amisulpride,23.33333333333333
GARDNER,thiothixene,aripiprazole,1
GARDNER,thiothixene,benperidol,0.1666666666666667
GARDNER,thiothixene,chlorpromazine,20
GARDNER,thiothixene,clopenthixol,2
GARDNER,thiothixene,chlorprothixene,16.66666666666667
GARDNER,thiothixene,clotiapine,3.333333333333333
GARDNER,thiothixene,clozapine,13.33333333333333
GARDNER,thiothixene,haloperidol,0.3333333333333333
GARDNER,thiothixene,olanzapine,0.6666666666666666
GARDNER,thiothixene,oxypertine,8
GARDNER,thiothixene,paliperidone,0.3
GARDNER,thiothixene,pericyazine,1.666666666666667
GARDNER,thiothixene,perphenazine,1
GARDNER,thiothixene,pimozide,0.2666666666666667
GARDNER,thiothixene,prochlorperazine,2.933333333333333
GARDNER,thiothixene,quetiapine,25
GARDNER,thiothixene,remoxipride,7.066666666666666
GARDNER,thiothixene,risperidone,0.2
GARDNER,thiothixene,sertindole,0.6666666666666666
GARDNER,thiothixene,sulpiride,26.66666666666667
GARDNER,thiothixene,thioridazine,16.66666666666667
GARDNER,thiothixene,thiothixene,1
GARDNER,thiothixene,trifluoperazine,0.6666666666666666
GARDNER,thiothixene,trifluperidol,0.06666666666666667
GARDNER,thiothixene,triflupromazine,3.333333333333333
GARDNER,thiothixene,ziprasidone,5.333333333333333
GARDNER,thiothixene,zotepine,10
GARDNER,thiothixene,zuclopenthixol,1.666666666666667
GARDNER,thiothixene,droperidol,0.3333333333333333
GARDNER,thiothixene,flupentixol,0.3333333333333333
GARDNER,thiothixene,fluphenazine,0.4
GARDNER,thiothixene,levomepromazine,13.33333333333333
GARDNER,thiothixene,loxapine,2
GARDNER,thiothixene,mesoridazine,10
GARDNER,thiothixene,methotrimeprazine,10
GARDNER,thiothixene,molindone,3.333333333333333
GARDNER,trifluoperazine,amisulpride,35
GARDNER,trifluoperazine,aripiprazole,1.5
GARDNER,trifluoperazine,benperidol,0.25
GARDNER,trifluoperazine,chlorpromazine,30
GARDNER,trifluoperazine,clopenthixol,3
GARDNER,trifluoperazine,chlorprothixene,25
GARDNER,trifluoperazine,clotiapine,5
GARDNER,trifluoperazine,clozapine,20
GARDNER,trifluoperazine,haloperidol,0.5
GARDNER,trifluoperazine,olanzapine,1
GARDNER,trifluoperazine,oxypertine,12
GARDNER,trifluoperazine,paliperidone,0.45
GARDNER,trifluoperazine,pericyazine,2.5
GARDNER,trifluoperazine,perphenazine,1.5
GARDNER,trifluoperazine,pimozide,0.4
GARDNER,trifluoperazine,prochlorperazine,4.4
GARDNER,trifluoperazine,quetiapine,37.5
GARDNER,trifluoperazine,remoxipride,10.6
GARDNER,trifluoperazine,risperidone,0.3
GARDNER,trifluoperazine,sertindole,1
GARDNER,trifluoperazine,sulpiride,40
GARDNER,trifluoperazine,thioridazine,25
GARDNER,trifluoperazine,thiothixene,1.5
GARDNER,trifluoperazine,trifluoperazine,1
GARDNER,trifluoperazine,trifluperidol,0.1
GARDNER,trifluoperazine,triflupromazine,5
GARDNER,trifluoperazine,ziprasidone,8
GARDNER,trifluoperazine,zotepine,15
GARDNER,trifluoperazine,zuclopenthixol,2.5
GARDNER,trifluoperazine,droperidol,0.5
GARDNER,trifluoperazine,flupentixol,0.5
GARDNER,trifluoperazine,fluphenazine,0.6
GARDNER,trifluoperazine,levomepromazine,20
GARDNER,trifluoperazine,loxapine,3
GARDNER,trifluoperazine,mesoridazine,15
GARDNER,trifluoperazine,methotrimeprazine,15
GARDNER,trifluoperazine,molindone,5
GARDNER,trifluperidol,amisulpride,350
GARDNER,trifluperidol,aripiprazole,15
GARDNER,trifluperidol,benperidol,2.5
GARDNER,trifluperidol,chlorpromazine,300
GARDNER,trifluperidol,clopenthixol,30
GARDNER,trifluperidol,chlorprothixene,250
GARDNER,trifluperidol,clotiapine,50
GARDNER,trifluperidol,clozapine,200
GARDNER,trifluperidol,haloperidol,5
GARDNER,trifluperidol,olanzapine,10
GARDNER,trifluperidol,oxypertine,120
GARDNER,trifluperidol,paliperidone,4.5
GARDNER,trifluperidol,pericyazine,25
GARDNER,trifluperidol,perphenazine,15
GARDNER,trifluperidol,pimozide,4
GARDNER,trifluperidol,prochlorperazine,44
GARDNER,trifluperidol,quetiapine,375
GARDNER,trifluperidol,remoxipride,106
GARDNER,trifluperidol,risperidone,3
GARDNER,trifluperidol,sertindole,10
GARDNER,trifluperidol,sulpiride,400
GARDNER,trifluperidol,thioridazine,250
GARDNER,trifluperidol,thiothixene,15
GARDNER,trifluperidol,trifluoperazine,10
GARDNER,trifluperidol,trifluperidol,1
GARDNER,trifluperidol,triflupromazine,50
GARDNER,trifluperidol,ziprasidone,80
GARDNER,trifluperidol,zotepine,150
GARDNER,trifluperidol,zuclopenthixol,25
GARDNER,trifluperidol,droperidol,5
GARDNER,trifluperidol,flupentixol,5
GARDNER,trifluperidol,fluphenazine,6
GARDNER,trifluperidol,levomepromazine,200
GARDNER,trifluperidol,loxapine,30
GARDNER,trifluperidol,mesoridazine,150
GARDNER,trifluperidol,methotrimeprazine,150
GARDNER,trifluperidol,molindone,50
GARDNER,triflupromazine,amisulpride,7
GARDNER,triflupromazine,aripiprazole,0.3
GARDNER,triflupromazine,benperidol,0.05
GARDNER,triflupromazine,chlorpromazine,6
GARDNER,triflupromazine,clopenthixol,0.6
GARDNER,triflupromazine,chlorprothixene,5
GARDNER,triflupromazine,clotiapine,1
GARDNER,triflupromazine,clozapine,4
GARDNER,triflupromazine,haloperidol,0.1
GARDNER,triflupromazine,olanzapine,0.2
GARDNER,triflupromazine,oxypertine,2.4
GARDNER,triflupromazine,paliperidone,0.09
GARDNER,triflupromazine,pericyazine,0.5
GARDNER,triflupromazine,perphenazine,0.3
GARDNER,triflupromazine,pimozide,0.08
GARDNER,triflupromazine,prochlorperazine,0.88
GARDNER,triflupromazine,quetiapine,7.5
GARDNER,triflupromazine,remoxipride,2.12
GARDNER,triflupromazine,risperidone,0.06
GARDNER,triflupromazine,sertindole,0.2
GARDNER,triflupromazine,sulpiride,8
GARDNER,triflupromazine,thioridazine,5
GARDNER,triflupromazine,thiothixene,0.3
GARDNER,triflupromazine,trifluoperazine,0.2
GARDNER,triflupromazine,trifluperidol,0.02
GARDNER,triflupromazine,triflupromazine,1
GARDNER,triflupromazine,ziprasidone,1.6
GARDNER,triflupromazine,zotepine,3
GARDNER,triflupromazine,zuclopenthixol,0.5
GARDNER,triflupromazine,droperidol,0.1
GARDNER,triflupromazine,flupentixol,0.1
GARDNER,triflupromazine,fluphenazine,0.12
GARDNER,triflupromazine,levomepromazine,4
GARDNER,triflupromazine,loxapine,0.6
GARDNER,triflupromazine,mesoridazine,3
GARDNER,triflupromazine,methotrimeprazine,3
GARDNER,triflupromazine,molindone,1
GARDNER,ziprasidone,amisulpride,4.375
GARDNER,ziprasidone,aripiprazole,0.1875
GARDNER,ziprasidone,benperidol,0.03125
GARDNER,ziprasidone,chlorpromazine,3.75
GARDNER,ziprasidone,clopenthixol,0.375
GARDNER,ziprasidone,chlorprothixene,3.125
GARDNER,ziprasidone,clotiapine,0.625
GARDNER,ziprasidone,clozapine,2.5
GARDNER,ziprasidone,haloperidol,0.0625
GARDNER,ziprasidone,olanzapine,0.125
GARDNER,ziprasidone,oxypertine,1.5
GARDNER,ziprasidone,paliperidone,0.05625
GARDNER,ziprasidone,pericyazine,0.3125
GARDNER,ziprasidone,perphenazine,0.1875
GARDNER,ziprasidone,pimozide,0.05
GARDNER,ziprasidone,prochlorperazine,0.55
GARDNER,ziprasidone,quetiapine,4.6875
GARDNER,ziprasidone,remoxipride,1.325
GARDNER,ziprasidone,risperidone,0.0375
GARDNER,ziprasidone,sertindole,0.125
GARDNER,ziprasidone,sulpiride,5
GARDNER,ziprasidone,thioridazine,3.125
GARDNER,ziprasidone,thiothixene,0.1875
GARDNER,ziprasidone,trifluoperazine,0.125
GARDNER,ziprasidone,trifluperidol,0.0125
GARDNER,ziprasidone,triflupromazine,0.625
GARDNER,ziprasidone,ziprasidone,1
GARDNER,ziprasidone,zotepine,1.875
GARDNER,ziprasidone,zuclopenthixol,0.3125
GARDNER,ziprasidone,droperidol,0.0625
GARDNER,ziprasidone,flupentixol,0.0625
GARDNER,ziprasidone,fluphenazine,0.075
GARDNER,ziprasidone,levomepromazine,2.5
GARDNER,ziprasidone,loxapine,0.375
GARDNER,ziprasidone,mesoridazine,1.875
GARDNER,ziprasidone,methotrimeprazine,1.875
GARDNER,ziprasidone,molindone,0.625
GARDNER,zotepine,amisulpride,2.333333333333333
GARDNER,zotepine,aripiprazole,0.1
GARDNER,zotepine,benperidol,0.01666666666666667
GARDNER,zotepine,chlorpromazine,2
GARDNER,zotepine,clopenthixol,0.2
GARDNER,zotepine,chlorprothixene,1.666666666666667
GARDNER,zotepine,clotiapine,0.3333333333333333
GARDNER,zotepine,clozapine,1.333333333333333
GARDNER,zotepine,haloperidol,0.03333333333333333
GARDNER,zotepine,olanzapine,0.06666666666666667
GARDNER,zotepine,oxypertine,0.8
GARDNER,zotepine,paliperidone,0.03
GARDNER,zotepine,pericyazine,0.1666666666666667
GARDNER,zotepine,perphenazine,0.1
GARDNER,zotepine,pimozide,0.02666666666666667
GARDNER,zotepine,prochlorperazine,0.2933333333333333
GARDNER,zotepine,quetiapine,2.5
GARDNER,zotepine,remoxipride,0.7066666666666667
GARDNER,zotepine,risperidone,0.02
GARDNER,zotepine,sertindole,0.06666666666666667
GARDNER,zotepine,sulpiride,2.666666666666667
GARDNER,zotepine,thioridazine,1.666666666666667
GARDNER,zotepine,thiothixene,0.1
GARDNER,zotepine,trifluoperazine,0.06666666666666667
GARDNER,zotepine,trifluperidol,0.006666666666666667
GARDNER,zotepine,triflupromazine,0.3333333333333333
GARDNER,zotepine,ziprasidone,0.5333333333333333
GARDNER,zotepine,zotepine,1
GARDNER,zotepine,zuclopenthixol,0.1666666666666667
GARDNER,zotepine,droperidol,0.03333333333333333
GARDNER,zotepine,flupentixol,0.03333333333333333
GARDNER,zotepine,fluphenazine,0.04
GARDNER,zotepine,levomepromazine,1.333333333333333
GARDNER,zotepine,loxapine,0.2
GARDNER,zotepine,mesoridazine,1
GARDNER,zotepine,methotrimeprazine,1
GARDNER,zotepine,molindone,0.3333333333333333
GARDNER,zuclopenthixol,amisulpride,14
GARDNER,zuclopenthixol,aripiprazole,0.6
GARDNER,zuclopenthixol,benperidol,0.1
GARDNER,zuclopenthixol,chlorpromazine,12
GARDNER,zuclopenthixol,clopenthixol,1.2
GARDNER,zuclopenthixol,chlorprothixene,10
GARDNER,zuclopenthixol,clotiapine,2
GARDNER,zuclopenthixol,clozapine,8
GARDNER,zuclopenthixol,haloperidol,0.2
GARDNER,zuclopenthixol,olanzapine,0.4
GARDNER,zuclopenthixol,oxypertine,4.8
GARDNER,zuclopenthixol,paliperidone,0.18
GARDNER,zuclopenthixol,pericyazine,1
GARDNER,zuclopenthixol,perphenazine,0.6
GARDNER,zuclopenthixol,pimozide,0.16
GARDNER,zuclopenthixol,prochlorperazine,1.76
GARDNER,zuclopenthixol,quetiapine,15
GARDNER,zuclopenthixol,remoxipride,4.24
GARDNER,zuclopenthixol,risperidone,0.12
GARDNER,zuclopenthixol,sertindole,0.4
GARDNER,zuclopenthixol,sulpiride,16
GARDNER,zuclopenthixol,thioridazine,10
GARDNER,zuclopenthixol,thiothixene,0.6
GARDNER,zuclopenthixol,trifluoperazine,0.4
GARDNER,zuclopenthixol,trifluperidol,0.04
GARDNER,zuclopenthixol,triflupromazine,2
GARDNER,zuclopenthixol,ziprasidone,3.2
GARDNER,zuclopenthixol,zotepine,6
GARDNER,zuclopenthixol,zuclopenthixol,1
GARDNER,zuclopenthixol,droperidol,0.2
GARDNER,zuclopenthixol,flupentixol,0.2
GARDNER,zuclopenthixol,fluphenazine,0.24
GARDNER,zuclopenthixol,levomepromazine,8
GARDNER,zuclopenthixol,loxapine,1.2
GARDNER,zuclopenthixol,mesoridazine,6
GARDNER,zuclopenthixol,methotrimeprazine,6
GARDNER,zuclopenthixol,molindone,2
GARDNER,droperidol,amisulpride,70
GARDNER,droperidol,aripiprazole,3
GARDNER,droperidol,benperidol,0.5
GARDNER,droperidol,chlorpromazine,60
GARDNER,droperidol,clopenthixol,6
GARDNER,droperidol,chlorprothixene,50
GARDNER,droperidol,clotiapine,10
GARDNER,droperidol,clozapine,40
GARDNER,droperidol,haloperidol,1
GARDNER,droperidol,olanzapine,2
GARDNER,droperidol,oxypertine,24
GARDNER,droperidol,paliperidone,0.9
GARDNER,droperidol,pericyazine,5
GARDNER,droperidol,perphenazine,3
GARDNER,droperidol,pimozide,0.8
GARDNER,droperidol,prochlorperazine,8.800000000000001
GARDNER,droperidol,quetiapine,75
GARDNER,droperidol,remoxipride,21.2
GARDNER,droperidol,risperidone,0.6
GARDNER,droperidol,sertindole,2
GARDNER,droperidol,sulpiride,80
GARDNER,droperidol,thioridazine,50
GARDNER,droperidol,thiothixene,3
GARDNER,droperidol,trifluoperazine,2
GARDNER,droperidol,trifluperidol,0.2
GARDNER,droperidol,triflupromazine,10
GARDNER,droperidol,ziprasidone,16
GARDNER,droperidol,zotepine,30
GARDNER,droperidol,zuclopenthixol,5
GARDNER,droperidol,droperidol,1
GARDNER,droperidol,flupentixol,1
GARDNER,droperidol,fluphenazine,1.2
GARDNER,droperidol,levomepromazine,40
GARDNER,droperidol,loxapine,6
GARDNER,droperidol,mesoridazine,30
GARDNER,droperidol,methotrimeprazine,30
GARDNER,droperidol,molindone,10
GARDNER,flupentixol,amisulpride,70
GARDNER,flupentixol,aripiprazole,3
GARDNER,flupentixol,benperidol,0.5
GARDNER,flupentixol,chlorpromazine,60
GARDNER,flupentixol,clopenthixol,6
GARDNER,flupentixol,chlorprothixene,50
GARDNER,flupentixol,clotiapine,10
GARDNER,flupentixol,clozapine,40
GARDNER,flupentixol,haloperidol,1
GARDNER,flupentixol,olanzapine,2
GARDNER,flupentixol,oxypertine,24
GARDNER,flupentixol,paliperidone,0.9
GARDNER,flupentixol,pericyazine,5
GARDNER,flupentixol,perphenazine,3
GARDNER,flupentixol,pimozide,0.8
GARDNER,flupentixol,prochlorperazine,8.800000000000001
GARDNER,flupentixol,quetiapine,75
GARDNER,flupentixol,remoxipride,21.2
GARDNER,flupentixol,risperidone,0.6
GARDNER,flupentixol,sertindole,2
GARDNER,flupentixol,sulpiride,80
GARDNER,flupentixol,thioridazine,50
GARDNER,flupentixol,thiothixene,3
GARDNER,flupentixol,trifluoperazine,2
GARDNER,flupentixol,trifluperidol,0.2
GARDNER,flupentixol,triflupromazine,10
GARDNER,flupentixol,ziprasidone,16
GARDNER,flupentixol,zotepine,30
GARDNER,flupentixol,zuclopenthixol,5
GARDNER,flupentixol,droperidol,1
GARDNER,flupentixol,flupentixol,1
GARDNER,flupentixol,fluphenazine,1.2
GARDNER,flupentixol,levomepromazine,40
GARDNER,flupentixol,loxapine,6
GARDNER,flupentixol,mesoridazine,30
GARDNER,flupentixol,methotrimeprazine,30
GARDNER,flupentixol,molindone,10
GARDNER,fluphenazine,amisulpride,58.33333333333334
GARDNER,fluphenazine,aripiprazole,2.5
GARDNER,fluphenazine,benperidol,0.4166666666666667
GARDNER,fluphenazine,chlorpromazine,50
GARDNER,fluphenazine,clopenthixol,5
GARDNER,fluphenazine,chlorprothixene,41.66666666666666
GARDNER,fluphenazine,clotiapine,8.333333333333334
GARDNER,fluphenazine,clozapine,33.33333333333334
GARDNER,fluphenazine,haloperidol,0.8333333333333334
GARDNER,fluphenazine,olanzapine,1.666666666666667
GARDNER,fluphenazine,oxypertine,20
GARDNER,fluphenazine,paliperidone,0.75
GARDNER,fluphenazine,pericyazine,4.166666666666667
GARDNER,fluphenazine,perphenazine,2.5
GARDNER,fluphenazine,pimozide,0.6666666666666666
GARDNER,fluphenazine,prochlorperazine,7.333333333333333
GARDNER,fluphenazine,quetiapine,62.5
GARDNER,fluphenazine,remoxipride,17.66666666666667
GARDNER,fluphenazine,risperidone,0.5
GARDNER,fluphenazine,sertindole,1.666666666666667
GARDNER,fluphenazine,sulpiride,66.66666666666667
GARDNER,fluphenazine,thioridazine,41.66666666666666
GARDNER,fluphenazine,thiothixene,2.5
GARDNER,fluphenazine,trifluoperazine,1.666666666666667
GARDNER,fluphenazine,trifluperidol,0.1666666666666667
GARDNER,fluphenazine,triflupromazine,8.333333333333334
GARDNER,fluphenazine,ziprasidone,13.33333333333333
GARDNER,fluphenazine,zotepine,25
GARDNER,fluphenazine,zuclopenthixol,4.166666666666667
GARDNER,fluphenazine,droperidol,0.8333333333333334
GARDNER,fluphenazine,flupentixol,0.8333333333333334
GARDNER,fluphenazine,fluphenazine,1
GARDNER,fluphenazine,levomepromazine,33.33333333333334
GARDNER,fluphenazine,loxapine,5
GARDNER,fluphenazine,mesoridazine,25
GARDNER,fluphenazine,methotrimeprazine,25
GARDNER,fluphenazine,molindone,8.333333333333334
GARDNER,levomepromazine,amisulpride,1.75
GARDNER,levomepromazine,aripiprazole,0.075
GARDNER,levomepromazine,benperidol,0.0125
GARDNER,levomepromazine,chlorpromazine,1.5
GARDNER,levomepromazine,clopenthixol,0.15
GARDNER,levomepromazine,chlorprothixene,1.25
GARDNER,levomepromazine,clotiapine,0.25
GARDNER,levomepromazine,clozapine,1
GARDNER,levomepromazine,haloperidol,0.025
GARDNER,levomepromazine,olanzapine,0.05
GARDNER,levomepromazine,oxypertine,0.6
GARDNER,levomepromazine,paliperidone,0.0225
GARDNER,levomepromazine,pericyazine,0.125
GARDNER,levomepromazine,perphenazine,0.075
GARDNER,levomepromazine,pimozide,0.02
GARDNER,levomepromazine,prochlorperazine,0.22
GARDNER,levomepromazine,quetiapine,1.875
GARDNER,levomepromazine,remoxipride,0.53
GARDNER,levomepromazine,risperidone,0.015
GARDNER,levomepromazine,sertindole,0.05
GARDNER,levomepromazine,sulpiride,2
GARDNER,levomepromazine,thioridazine,1.25
GARDNER,levomepromazine,thiothixene,0.075
GARDNER,levomepromazine,trifluoperazine,0.05
GARDNER,levomepromazine,trifluperidol,0.005
GARDNER,levomepromazine,triflupromazine,0.25
GARDNER,levomepromazine,ziprasidone,0.4
GARDNER,levomepromazine,zotepine,0.75
GARDNER,levomepromazine,zuclopenthixol,0.125
GARDNER,levomepromazine,droperidol,0.025
GARDNER,levomepromazine,flupentixol,0.025
GARDNER,levomepromazine,fluphenazine,0.03
GARDNER,levomepromazine,levomepromazine,1
GARDNER,levomepromazine,loxapine,0.15
GARDNER,levomepromazine,mesoridazine,0.75
GARDNER,levomepromazine,methotrimeprazine,0.75
GARDNER,levomepromazine,molindone,0.25
GARDNER,loxapine,amisulpride,11.66666666666667
GARDNER,loxapine,aripiprazole,0.5
GARDNER,loxapine,benperidol,0.08333333333333333
GARDNER,loxapine,chlorpromazine,10
GARDNER,loxapine,clopenthixol,1
GARDNER,loxapine,chlorprothixene,8.333333333333334
GARDNER,loxapine,clotiapine,1.666666666666667
GARDNER,loxapine,clozapine,6.666666666666667
GARDNER,loxapine,haloperidol,0.1666666666666667
GARDNER,loxapine,olanzapine,0.3333333333333333
GARDNER,loxapine,oxypertine,4
GARDNER,loxapine,paliperidone,0.15
GARDNER,loxapine,pericyazine,0.8333333333333334
GARDNER,loxapine,perphenazine,0.5
GARDNER,loxapine,pimozide,0.1333333333333333
GARDNER,loxapine,prochlorperazine,1.466666666666667
GARDNER,loxapine,quetiapine,12.5
GARDNER,loxapine,remoxipride,3.533333333333333
GARDNER,loxapine,risperidone,0.1
GARDNER,loxapine,sertindole,0.3333333333333333
GARDNER,loxapine,sulpiride,13.33333333333333
GARDNER,loxapine,thioridazine,8.333333333333334
GARDNER,loxapine,thiothixene,0.5
GARDNER,loxapine,trifluoperazine,0.3333333333333333
GARDNER,loxapine,trifluperidol,0.03333333333333333
GARDNER,loxapine,triflupromazine,1.666666666666667
GARDNER,loxapine,ziprasidone,2.666666666666667
GARDNER,loxapine,zotepine,5
GARDNER,loxapine,zuclopenthixol,0.8333333333333334
GARDNER,loxapine,droperidol,0.1666666666666667
GARDNER,loxapine,flupentixol,0.1666666666666667
GARDNER,loxapine,fluphenazine,0.2
GARDNER,loxapine,levomepromazine,6.666666666666667
GARDNER,loxapine,loxapine,1
GARDNER,loxapine,mesoridazine,5
GARDNER,loxapine,methotrimeprazine,5
GARDNER,loxapine,molindone,1.666666666666667
GARDNER,mesoridazine,amisulpride,2.333333333333333
GARDNER,mesoridazine,aripiprazole,0.1
GARDNER,mesoridazine,benperidol,0.01666666666666667
GARDNER,mesoridazine,chlorpromazine,2
GARDNER,mesoridazine,clopenthixol,0.2
GARDNER,mesoridazine,chlorprothixene,1.666666666666667
GARDNER,mesoridazine,clotiapine,0.3333333333333333
GARDNER,mesoridazine,clozapine,1.333333333333333
GARDNER,mesoridazine,haloperidol,0.03333333333333333
GARDNER,mesoridazine,olanzapine,0.06666666666666667
GARDNER,mesoridazine,oxypertine,0.8
GARDNER,mesoridazine,paliperidone,0.03
GARDNER,mesoridazine,pericyazine,0.1666666666666667
GARDNER,mesoridazine,perphenazine,0.1
GARDNER,mesoridazine,pimozide,0.02666666666666667
GARDNER,mesoridazine,prochlorperazine,0.2933333333333333
GARDNER,mesoridazine,quetiapine,2.5
GARDNER,mesoridazine,remoxipride,0.7066666666666667
GARDNER,mesoridazine,risperidone,0.02
GARDNER,mesoridazine,sertindole,0.06666666666666667
GARDNER,mesoridazine,sulpiride,2.666666666666667
GARDNER,mesoridazine,thioridazine,1.666666666666667
GARDNER,mesoridazine,thiothixene,0.1
GARDNER,mesoridazine,trifluoperazine,0.06666666666666667
GARDNER,mesoridazine,trifluperidol,0.006666666666666667
GARDNER,mesoridazine,triflupromazine,0.3333333333333333
GARDNER,mesoridazine,ziprasidone,0.5333333333333333
GARDNER,mesoridazine,zotepine,1
GARDNER,mesoridazine,zuclopenthixol,0.1666666666666667
GARDNER,mesoridazine,droperidol,0.03333333333333333
GARDNER,mesoridazine,flupentixol,0.03333333333333333
GARDNER,mesoridazine,fluphenazine,0.04
GARDNER,mesoridazine,levomepromazine,1.333333333333333
GARDNER,mesoridazine,loxapine,0.2
GARDNER,mesoridazine,mesoridazine,1
GARDNER,mesoridazine,methotrimeprazine,1
GARDNER,mesoridazine,molindone,0.3333333333333333
GARDNER,methotrimeprazine,amisulpride,2.333333333333333
GARDNER,methotrimeprazine,aripiprazole,0.1
GARDNER,methotrimeprazine,benperidol,0.01666666666666667
GARDNER,methotrimeprazine,chlorpromazine,2
GARDNER,methotrimeprazine,clopenthixol,0.2
GARDNER,methotrimeprazine,chlorprothixene,1.666666666666667
GARDNER,methotrimeprazine,clotiapine,0.3333333333333333
GARDNER,methotrimeprazine,clozapine,1.333333333333333
GARDNER,methotrimeprazine,haloperidol,0.03333333333333333
GARDNER,methotrimeprazine,olanzapine,0.06666666666666667
GARDNER,methotrimeprazine,oxypertine,0.8
GARDNER,methotrimeprazine,paliperidone,0.03
GARDNER,methotrimeprazine,pericyazine,0.1666666666666667
GARDNER,methotrimeprazine,perphenazine,0.1
GARDNER,methotrimeprazine,pimozide,0.02666666666666667
GARDNER,methotrimeprazine,prochlorperazine,0.2933333333333333
GARDNER,methotrimeprazine,quetiapine,2.5
GARDNER,methotrimeprazine,remoxipride,0.7066666666666667
GARDNER,methotrimeprazine,risperidone,0.02
GARDNER,methotrimeprazine,sertindole,0.06666666666666667
GARDNER,methotrimeprazine,sulpiride,2.666666666666667
GARDNER,methotrimeprazine,thioridazine,1.666666666666667
GARDNER,methotrimeprazine,thiothixene,0.1
GARDNER,methotrimeprazine,trifluoperazine,0.06666666666666667
GARDNER,methotrimeprazine,trifluperidol,0.006666666666666667
GARDNER,methotrimeprazine,triflupromazine,0.3333333333333333
GARDNER,methotrimeprazine,ziprasidone,0.5333333333333333
GARDNER,methotrimeprazine,zotepine,1
GARDNER,methotrimeprazine,zuclopenthixol,0.1666666666666667
GARDNER,methotrimeprazine,droperidol,0.03333333333333333
GARDNER,methotrimeprazine,flupentixol,0.03333333333333333
GARDNER,methotrimeprazine,fluphenazine,0.04
GARDNER,methotrimeprazine,levomepromazine,1.333333333333333
GARDNER,methotrimeprazine,loxapine,0.2
GARDNER,methotrimeprazine,mesoridazine,1
GARDNER,methotrimeprazine,methotrimeprazine,1
GARDNER,methotrimeprazine,molindone,0.3333333333333333
GARDNER,molindone,amisulpride,7
GARDNER,molindone,aripiprazole,0.3
GARDNER,molindone,benperidol,0.05
GARDNER,molindone,chlorpromazine,6
GARDNER,molindone,clopenthixol,0.6
GARDNER,molindone,chlorprothixene,5
GARDNER,molindone,clotiapine,1
GARDNER,molindone,clozapine,4
GARDNER,molindone,haloperidol,0.1
GARDNER,molindone,olanzapine,0.2
GARDNER,molindone,oxypertine,2.4
GARDNER,molindone,paliperidone,0.09
GARDNER,molindone,pericyazine,0.5
GARDNER,molindone,perphenazine,0.3
GARDNER,molindone,pimozide,0.08
GARDNER,molindone,prochlorperazine,0.88
GARDNER,molindone,quetiapine,7.5
GARDNER,molindone,remoxipride,2.12
GARDNER,molindone,risperidone,0.06
GARDNER,molindone,sertindole,0.2
GARDNER,molindone,sulpiride,8
GARDNER,molindone,thioridazine,5
GARDNER,molindone,thiothixene,0.3
GARDNER,molindone,trifluoperazine,0.2
GARDNER,molindone,trifluperidol,0.02
GARDNER,molindone,triflupromazine,1
GARDNER,molindone,ziprasidone,1.6
GARDNER,molindone,zotepine,3
GARDNER,molindone,zuclopenthixol,0.5
GARDNER,molindone,droperidol,0.1
GARDNER,molindone,flupentixol,0.1
GARDNER,molindone,fluphenazine,0.12
GARDNER,molindone,levomepromazine,4
GARDNER,molindone,loxapine,0.6
GARDNER,molindone,mesoridazine,3
GARDNER,molindone,methotrimeprazine,3
GARDNER,molindone,molindone,1
WOODS,chlorpromazine,chlorpromazine,1
WOODS,chlorpromazine,haloperidol,0.02
WOODS,chlorpromazine,risperidone,0.02
WOODS,chlorpromazine,olanzapine,0.05
WOODS,chlorpromazine,quetiapine,0.75
WOODS,chlorpromazine,ziprasidone,0.6
WOODS,chlorpromazine,aripiprazole,0.075
WOODS,haloperidol,chlorpromazine,50
WOODS,haloperidol,haloperidol,1
WOODS,haloperidol,risperidone,1
WOODS,haloperidol,olanzapine,2.5
WOODS,haloperidol,quetiapine,37.5
WOODS,haloperidol,ziprasidone,30
WOODS,haloperidol,aripiprazole,3.75
WOODS,risperidone,chlorpromazine,50
WOODS,risperidone,haloperidol,1
WOODS,risperidone,risperidone,1
WOODS,risperidone,olanzapine,2.5
WOODS,risperidone,quetiapine,37.5
WOODS,risperidone,ziprasidone,30
WOODS,risperidone,aripiprazole,3.75
WOODS,olanzapine,chlorpromazine,20
WOODS,olanzapine,haloperidol,0.4
WOODS,olanzapine,risperidone,0.4
WOODS,olanzapine,olanzapine,1
WOODS,olanzapine,quetiapine,15
WOODS,olanzapine,ziprasidone,12
WOODS,olanzapine,aripiprazole,1.5
WOODS,quetiapine,chlorpromazine,1.333333333333333
WOODS,quetiapine,haloperidol,0.02666666666666667
WOODS,quetiapine,risperidone,0.02666666666666667
WOODS,quetiapine,olanzapine,0.06666666666666667
WOODS,quetiapine,quetiapine,1
WOODS,quetiapine,ziprasidone,0.8
WOODS,quetiapine,aripiprazole,0.1
WOODS,ziprasidone,chlorpromazine,1.666666666666667
WOODS,ziprasidone,haloperidol,0.03333333333333333
WOODS,ziprasidone,risperidone,0.03333333333333333
WOODS,ziprasidone,olanzapine,0.08333333333333333
WOODS,ziprasidone,quetiapine,1.25
WOODS,ziprasidone,ziprasidone,1
WOODS,ziprasidone,aripiprazole,0.125
WOODS,aripiprazole,chlorpromazine,13.33333333333333
WOODS,aripiprazole,haloperidol,0.2666666666666667
WOODS,aripiprazole,risperidone,0.2666666666666667
WOODS,aripiprazole,olanzapine,0.6666666666666666
WOODS,aripiprazole,quetiapine,10
WOODS,aripiprazole,ziprasidone,8
WOODS,aripiprazole,aripiprazole,1
